locus tag	pan gene symbol
S1	-
SAOUHSC_00001	dnaA
S2	-
SAOUHSC_00002	dnaN
SAOUHSC_00003	-
SAOUHSC_00004	recF
SAOUHSC_00005	gyrB
SAOUHSC_00006	gyrA
SAOUHSC_00007	nnrD
S3	-
SAOUHSC_00008	hutH
S4	-
S5	-
SAOUHSC_00009	serS
S6	-
SAOUHSC_00010	-
SAOUHSC_00012	-
S7	-
SAOUHSC_00013	metX
S8	-
SAOUHSC_00014	-
SAOUHSC_00015	gdpP
SAOUHSC_00017	rplI
SAOUHSC_00018	dnaC
SAOUHSC_00019	purA
SAOUHSC_T00018	trnaE
SAOUHSC_T00011	trnaD
S9	-
SAOUHSC_00020	walR
SAOUHSC_00021	walK
SAOUHSC_00022	walH
SAOUHSC_00023	walI
S10	-
SAOUHSC_00024	walJ
SAOUHSC_00025	adsA
SAOUHSC_00026	-
S11	-
SAOUHSC_00027	orfX
S12	-
SAOUHSC_00028	-
SAOUHSC_00029	-
S13	-
SAOUHSC_00030	-
S14	-
SAOUHSC_00031	-
SAOUHSC_00032	-
S15	-
SAOUHSC_00033	tauE
SAOUHSC_00034	cstR
SAOUHSC_00035	cstA
SAOUHSC_00036	cstB
SAOUHSC_00037	sqr
S16	-
SAOUHSC_00038	-
S17	-
SAOUHSC_00039	-
S18	-
S19	-
SAOUHSC_00040	-
SAOUHSC_00041	-
SAOUHSC_00042	-
SAOUHSC_00043	-
SAOUHSC_00044	-
S20	-
S21	-
SAOUHSC_00045	-
SAOUHSC_00046	-
SAOUHSC_00047	-
SAOUHSC_00049	-
SAOUHSC_00050	-
SAOUHSC_00051	plc
SAOUHSC_00052	csa1A
SAOUHSC_00053	-
SAOUHSC_00054	-
SAOUHSC_00055	-
S22	-
S23	-
SAOUHSC_00056	-
SAOUHSC_00057	-
SAOUHSC_00058	norC
S24	-
S25	-
SAOUHSC_00060	nptA
SAOUHSC_00061	-
SAOUHSC_00062	-
SAOUHSC_00064	norG
S26	-
SAOUHSC_00065	-
S27	-
S28	-
SAOUHSC_00067	lctP1
S29	-
SAOUHSC_00069	spa
SAOUHSC_00070	sarS
SAOUHSC_00071	sirC
S30	-
SAOUHSC_00072	sirB
SAOUHSC_00074	sirA
S31	-
S32	-
SAOUHSC_00075	sbnA
SAOUHSC_00076	sbnB
SAOUHSC_00077	sbnC
SAOUHSC_00078	sbnD
SAOUHSC_00079	sbnE
SAOUHSC_00080	sbnF
SAOUHSC_00081	sbnG
SAOUHSC_00082	sbnH
SAOUHSC_00083	sbnI
SAOUHSC_A00084	-
S33	-
SAOUHSC_00084	-
SAOUHSC_00085	-
SAOUHSC_00086	butA
SAOUHSC_00087	-
SAOUHSC_00088	galE
SAOUHSC_00089	-
SAOUHSC_00090	-
SAOUHSC_00091	-
SAOUHSC_00092	-
SAOUHSC_00093	sodM
SAOUHSC_00094	sasD
S34	-
SAOUHSC_00096	-
SAOUHSC_A00097	-
SAOUHSC_00097	deoD1
SAOUHSC_00099	tet38
SAOUHSC_00100	deoC1
SAOUHSC_00101	deoB
SAOUHSC_00102	phnE1
SAOUHSC_00103	phnE2
SAOUHSC_00104	phnC
SAOUHSC_00105	phnD
SAOUHSC_00106	-
SAOUHSC_00107	-
SAOUHSC_00108	-
SAOUHSC_00109	-
SAOUHSC_00110	-
SAOUHSC_00111	-
S35	-
SAOUHSC_00112	-
SAOUHSC_00113	adhE
S36	-
S37	-
SAOUHSC_00114	capA
SAOUHSC_00115	capB
SAOUHSC_00116	capC
SAOUHSC_00117	capD
SAOUHSC_00118	capE
SAOUHSC_00119	capF
SAOUHSC_00120	capG
SAOUHSC_00121	capH
SAOUHSC_00122	capI
SAOUHSC_00123	capJ
SAOUHSC_00124	capK
SAOUHSC_00125	capL
SAOUHSC_00126	capM
SAOUHSC_00127	capN
SAOUHSC_00128	capO
S38	-
SAOUHSC_00129	capP
SAOUHSC_00130	isdI
SAOUHSC_00131	-
S39	-
S40	-
SAOUHSC_00132	aldA
S41	-
S42	-
S43	-
SAOUHSC_00133	-
SAOUHSC_00134	-
SAOUHSC_00135	-
S44	-
SAOUHSC_00136	ssuB
SAOUHSC_00137	ssuA
SAOUHSC_00138	ssuC
SAOUHSC_00139	-
S45	-
SAOUHSC_00141	-
S46	-
SAOUHSC_00142	fdh
S47	-
S48	-
SAOUHSC_00143	-
S49	-
SAOUHSC_00144	ausA
SAOUHSC_00145	-
SAOUHSC_00146	-
SAOUHSC_00147	argB
SAOUHSC_00148	argJ
SAOUHSC_00149	argC
SAOUHSC_00150	argD
SAOUHSC_00151	brnQ1
SAOUHSC_00152	-
S50	-
SAOUHSC_00153	-
SAOUHSC_00154	-
SAOUHSC_00155	glcA
S51	-
S52	-
SAOUHSC_00156	mupG
SAOUHSC_00157	murQ
SAOUHSC_00158	murP
SAOUHSC_00160	murR
S53	-
SAOUHSC_00161	-
SAOUHSC_00162	hsdR
SAOUHSC_00163	-
SAOUHSC_00164	-
SAOUHSC_00166	-
S54	-
SAOUHSC_00167	gisA
SAOUHSC_00168	gisB
SAOUHSC_00169	gisC
SAOUHSC_00170	gisD
SAOUHSC_00171	ggt
S55	-
SAOUHSC_00172	-
SAOUHSC_00173	azoR
SAOUHSC_00174	-
SAOUHSC_00175	malK
SAOUHSC_00176	malE
SAOUHSC_00177	malF
SAOUHSC_00178	-
S56	-
SAOUHSC_00179	-
SAOUHSC_00180	-
SAOUHSC_00181	-
S57	-
SAOUHSC_00182	-
SAOUHSC_00183	uhpT
S58	-
SAOUHSC_00184	hptR
SAOUHSC_00185	hptS
SAOUHSC_00186	hptA
S59	-
SAOUHSC_00187	pflB
SAOUHSC_00188	pflA
SAOUHSC_00189	-
SAOUHSC_00190	-
S60	-
SAOUHSC_00191	-
SAOUHSC_00192	coa
S61	-
S62	-
SAOUHSC_00193	-
SAOUHSC_00194	-
S63	-
SAOUHSC_00195	fadA
SAOUHSC_00196	fadB
S64	-
SAOUHSC_00197	fadD
S65	-
SAOUHSC_00198	fadE
SAOUHSC_00199	fadX
S66	-
SAOUHSC_00200	prsS
SAOUHSC_00201	nikA
S67	-
SAOUHSC_00202	-
S68	-
SAOUHSC_00203	-
SAOUHSC_00204	hmp
SAOUHSC_00205	-
S69	-
SAOUHSC_00206	ldh1
S70	-
SAOUHSC_00208	-
SAOUHSC_00209	glcC
S71	-
S72	-
SAOUHSC_00211	-
SAOUHSC_00212	-
SAOUHSC_00213	-
SAOUHSC_00214	-
SAOUHSC_00215	-
SAOUHSC_00216	-
SAOUHSC_00217	-
SAOUHSC_00218	-
SAOUHSC_00219	-
S73	-
SAOUHSC_00220	tarI'
SAOUHSC_00221	tarJ'
SAOUHSC_A00219	-
S74	-
SAOUHSC_00222	tarL'
S75	-
S76	-
SAOUHSC_00223	tarF
S77	-
S78	-
SAOUHSC_00225	tarI
SAOUHSC_00226	tarJ
SAOUHSC_00227	tarL
SAOUHSC_00228	tarS
SAOUHSC_00229	scdA
SAOUHSC_00230	lytS
SAOUHSC_00231	lytR
SAOUHSC_00232	lrgA
SAOUHSC_00233	lrgB
SAOUHSC_00234	bglR
SAOUHSC_00235	-
SAOUHSC_00236	bglA
S79	-
SAOUHSC_00237	-
SAOUHSC_00238	-
SAOUHSC_00239	rbsK
SAOUHSC_00240	rbsD
SAOUHSC_00241	rbsU
SAOUHSC_00242	rbsR
SAOUHSC_00243	-
SAOUHSC_00244	-
SAOUHSC_00245	-
S80	-
SAOUHSC_00246	-
S81	-
S82	-
SAOUHSC_00247	-
S83	-
SAOUHSC_00248	lytM
SAOUHSC_00249	-
SAOUHSC_00250	-
SAOUHSC_00251	-
SAOUHSC_00253	-
SAOUHSC_00254	-
SAOUHSC_00255	-
SAOUHSC_00256	-
S84	-
SAOUHSC_00257	esxA
SAOUHSC_00258	esaA
SAOUHSC_00259	essA
SAOUHSC_00260	esaB
SAOUHSC_00261	essB
SAOUHSC_00262	essC
SAOUHSC_00264	esxC
SAOUHSC_00265	esxB
SAOUHSC_00266	esaE
SAOUHSC_00267	esxD
SAOUHSC_00268	esaD
SAOUHSC_00269	esaG1
SAOUHSC_00270	-
SAOUHSC_00271	-
S85	-
SAOUHSC_00272	-
SAOUHSC_00274	-
SAOUHSC_00275	-
SAOUHSC_00276	-
SAOUHSC_00277	-
SAOUHSC_00278	-
S86	-
SAOUHSC_00279	-
S87	-
SAOUHSC_00280	-
S88	-
SAOUHSC_00281	-
SAOUHSC_00282	brnQ2
S89	-
SAOUHSC_00284	-
SAOUHSC_A00283	-
S90	-
SAOUHSC_00285	-
SAOUHSC_00287	-
S91	-
SAOUHSC_00289	-
SAOUHSC_00290	-
SAOUHSC_00291	-
SAOUHSC_00292	psuG
SAOUHSC_00293	-
SAOUHSC_00294	nanT
SAOUHSC_00295	nanA
SAOUHSC_00296	nanK
SAOUHSC_00297	nanR
SAOUHSC_00298	nanE
SAOUHSC_00299	-
S92	-
SAOUHSC_00300	gehB
S93	-
S94	-
SAOUHSC_00301	-
SAOUHSC_00302	-
SAOUHSC_00303	-
S95	-
SAOUHSC_00304	-
SAOUHSC_00305	gcvH-L
SAOUHSC_00306	-
SAOUHSC_00307	sirTM
SAOUHSC_00308	lplA2
S97	-
S98	-
SAOUHSC_00309	-
SAOUHSC_00310	ulaA
SAOUHSC_00311	-
SAOUHSC_00312	-
SAOUHSC_00313	-
SAOUHSC_00314	mepR
S99	-
SAOUHSC_00315	mepA
SAOUHSC_00316	mepB
SAOUHSC_00317	glpT
SAOUHSC_00318	-
SAOUHSC_00319	-
SAOUHSC_00320	-
SAOUHSC_00322	-
SAOUHSC_00323	-
SAOUHSC_00324	-
SAOUHSC_00325	fepA
SAOUHSC_00326	fepB
SAOUHSC_00327	fepC
S100	-
SAOUHSC_00328	tatC
S101	-
SAOUHSC_00329	tatA
S102	-
SAOUHSC_00330	-
S103	-
SAOUHSC_00331	-
SAOUHSC_00332	-
SAOUHSC_00333	-
SAOUHSC_00334	-
SAOUHSC_00335	-
S104	-
SAOUHSC_A00332	-
SAOUHSC_00336	-
S105	-
SAOUHSC_00337	mdh
SAOUHSC_00338	metE
SAOUHSC_00339	metF
SAOUHSC_00340	metC
SAOUHSC_00341	metI
S106	-
SAOUHSC_00342	parB
S107	-
SAOUHSC_00344	-
SAOUHSC_00345	-
SAOUHSC_00346	ychF
SAOUHSC_00347	-
S108	-
SAOUHSC_00348	rpsF
SAOUHSC_00349	ssb
SAOUHSC_00350	rpsR
S109	-
SAOUHSC_00351	-
SAOUHSC_00352	-
SAOUHSC_00353	-
SAOUHSC_00354	selX
SAOUHSC_00355	-
S110	-
SAOUHSC_00356	-
S111	-
S112	-
SAOUHSC_00357	-
S113	-
SAOUHSC_00358	-
SAOUHSC_A00354	-
SAOUHSC_00359	-
SAOUHSC_00360	-
SAOUHSC_00362	-
S114	-
SAOUHSC_00363	-
SAOUHSC_00364	ahpF
SAOUHSC_00365	ahpC
S115	-
SAOUHSC_00366	nfrA
SAOUHSC_00367	tcyP
S116	-
SAOUHSC_00368	-
S117	-
SAOUHSC_00369	-
S118	-
SAOUHSC_00370	-
S119	-
SAOUHSC_00371	-
S120	-
SAOUHSC_00372	xpt
SAOUHSC_00373	pbuX
SAOUHSC_00374	guaB
SAOUHSC_00375	guaA
S121	-
SAOUHSC_00376	-
S122	-
SAOUHSC_00377	-
SAOUHSC_00378	-
SAOUHSC_00381a	-
SAOUHSC_00381	-
SAOUHSC_00382	-
SAOUHSC_00383	ssl1
SAOUHSC_00384	ssl2
SAOUHSC_00386	ssl3
SAOUHSC_00387	-
SAOUHSC_00389	ssl4
SAOUHSC_00390	ssl5
SAOUHSC_A00379	-
SAOUHSC_00391	ssl6
SAOUHSC_00392	ssl7
SAOUHSC_00393	ssl8
SAOUHSC_00394	ssl9
SAOUHSC_00395	ssl10
SAOUHSC_00396	-
SAOUHSC_00397	hsdM1
SAOUHSC_00398	hsdS1
S123	-
S124	-
SAOUHSC_00399	ssl11
SAOUHSC_00400	-
SAOUHSC_00401	-
SAOUHSC_00402	lpl3
SAOUHSC_00404	lpl8
S125	-
SAOUHSC_00405	lpl9
SAOUHSC_00406	-
SAOUHSC_00407	-
SAOUHSC_00408	-
S126	-
SAOUHSC_00409	-
SAOUHSC_00410	zagA
S127	-
S128	-
SAOUHSC_00411	-
S129	-
SAOUHSC_00411.1	psmα4
SAOUHSC_00411.2	psmα3
SAOUHSC_00411.3	psmα2
SAOUHSC_00411.4	psmα1
S131	-
SAOUHSC_00412	mpsA
SAOUHSC_00413	mpsB
S132	-
SAOUHSC_00414	mpsC
S133	-
S134	-
SAOUHSC_00415	-
SAOUHSC_00416	-
SAOUHSC_00417	-
SAOUHSC_00418	-
SAOUHSC_00420	-
S135	-
SAOUHSC_00421	mccA
SAOUHSC_00422	mccB
SAOUHSC_00423	metN2
SAOUHSC_00424	metP2
SAOUHSC_00426	metQ2
S136	-
S137	-
S138	-
SAOUHSC_00427	sle1
S139	-
SAOUHSC_00428	-
S140	-
SAOUHSC_00429	-
SAOUHSC_00430	-
SAOUHSC_00431	-
SAOUHSC_00433	-
SAOUHSC_00434	gltC
SAOUHSC_00435	gltB
SAOUHSC_00436	gltD
S141	-
SAOUHSC_T00048	-
SAOUHSC_00437	treP
SAOUHSC_00438	treC
SAOUHSC_00439	treR
S142	-
SAOUHSC_00440	-
S143	-
SAOUHSC_00441	-
S144	-
SAOUHSC_00442	dnaX
SAOUHSC_00444	-
SAOUHSC_00445	recR
S145	-
SAOUHSC_00446	-
S146	-
S147	-
SAOUHSC_R0001	rrsA
SAOUHSC_R0006	rrl1
SAOUHSC_R00011	rrfA
SAOUHSC_00450	-
SAOUHSC_00451	tmk
SAOUHSC_00452	darA
S148	-
SAOUHSC_00453	-
SAOUHSC_00454	holB
SAOUHSC_00455	ricT
SAOUHSC_00456	-
S149	-
SAOUHSC_00457	-
SAOUHSC_00458	-
SAOUHSC_00459	rsmI
S150	-
SAOUHSC_00460	-
SAOUHSC_00461	metS
SAOUHSC_00462	-
S151	-
SAOUHSC_00463	rnmV
SAOUHSC_00464	ksgA
S152	-
SAOUHSC_00465	veg
S153	-
SAOUHSC_00466	ipk
SAOUHSC_00467	purR
SAOUHSC_00468	yabJ
S154	-
SAOUHSC_00469	spoVG
S155	-
SAOUHSC_00470	-
SAOUHSC_00471	glmU
S156	-
SAOUHSC_00472	prs
S157	-
SAOUHSC_00473	-
SAOUHSC_00474	rplY
S158	-
SAOUHSC_00475	pth
SAOUHSC_00477	mfd
SAOUHSC_00479	-
SAOUHSC_00480	-
SAOUHSC_00481	-
SAOUHSC_00482	divIC
SAOUHSC_00483	-
S159	-
SAOUHSC_00484	tilS
SAOUHSC_00485	hprT
S160	-
S161	-
SAOUHSC_00486	ftsH
S162	-
SAOUHSC_00487	hslO
S163	-
SAOUHSC_00488	cysK
SAOUHSC_00489	folP
SAOUHSC_00490	folB
SAOUHSC_00491	folK
S164	-
SAOUHSC_00492	-
SAOUHSC_00493	lysS
S165	-
S166	-
S167	-
SAOUHSC_R00016	rrfC
SAOUHSC_T00059	trnaV
SAOUHSC_T00053	trnaT
SAOUHSC_T00035	trnaK
SAOUHSC_T00021	trnaG
SAOUHSC_T00030	trnaL
SAOUHSC_T0004	trnaR
SAOUHSC_T00044	trnaP
SAOUHSC_T0001	trnaA
SAOUHSC_R0002	rrsB
SAOUHSC_R0007	rrlC
SAOUHSC_R00012	rrfB
SAOUHSC_00497	pdxR
SAOUHSC_00499	pdxS
SAOUHSC_00500	pdxT
SAOUHSC_00501	nupC
S168	-
SAOUHSC_00502	ctsR
S169	-
SAOUHSC_00503	mcsA
SAOUHSC_00504	mcsB
SAOUHSC_00505	clpC
SAOUHSC_00506	-
S170	-
S171	-
S172	-
SAOUHSC_00507	radA
SAOUHSC_00508	-
S173	-
S174	-
SAOUHSC_00509	gltX
S175	-
S176	-
SAOUHSC_00510	cysE
SAOUHSC_00511	cysS
SAOUHSC_00512	mrnC
SAOUHSC_00513	-
SAOUHSC_00514	-
S177	-
SAOUHSC_00515	sigH
S178	-
S179	-
SAOUHSC_00516	secE
SAOUHSC_00517	nusG
S180	-
SAOUHSC_00518	rplK
S181	-
SAOUHSC_00519	rplA
S182	-
S183	-
SAOUHSC_00520	rplJ
SAOUHSC_00521	rplL
S184	-
SAOUHSC_00523	rsmC
S185	-
SAOUHSC_00524	rpoB
S186	-
SAOUHSC_00525	rpoC
SAOUHSC_00526	rplGB
S187	-
SAOUHSC_00527	rpsL
SAOUHSC_00528	rpsG
S188	-
SAOUHSC_00529	fusA
S189	-
SAOUHSC_00530	tuf
S190	-
SAOUHSC_00531	-
SAOUHSC_00532	kbl
SAOUHSC_00533	hchA
SAOUHSC_00534	araB
S191	-
SAOUHSC_00535	-
S192	-
S193	-
SAOUHSC_00536	ilvE
SAOUHSC_00537	-
S194	-
SAOUHSC_00538	-
SAOUHSC_00539	dck
SAOUHSC_00540	dgk
S195	-
SAOUHSC_00541	tadA
S196	-
SAOUHSC_00542	-
SAOUHSC_00543	azo1
SAOUHSC_A00526	-
SAOUHSC_00544	sdrC
S197	-
SAOUHSC_00545	sdrD
SAOUHSC_00547	-
SAOUHSC_00548	-
SAOUHSC_00549	folE2
SAOUHSC_00550	bshB2
SAOUHSC_00551	-
SAOUHSC_00552	nagB
SAOUHSC_00553	hxlA
SAOUHSC_00554	hxlB
SAOUHSC_00555	-
S198	-
S199	-
S200	-
SAOUHSC_00556	proP
S201	-
SAOUHSC_00557	vraA
SAOUHSC_00558	vraB
S202	-
SAOUHSC_00559	vraC
SAOUHSC_00560	-
S203	-
SAOUHSC_00561	vraX
S204	-
S205	-
SAOUHSC_00562	pdxK
SAOUHSC_00564	ung
SAOUHSC_00565	-
S206	-
SAOUHSC_00567	-
S207	-
SAOUHSC_00569	-
S208	-
SAOUHSC_00571	-
SAOUHSC_00572	-
S209	-
S210	-
S211	-
SAOUHSC_00573	hemQ
SAOUHSC_00574	pta
S212	-
SAOUHSC_00575	lipL
S213	-
S214	-
SAOUHSC_00577	mvaK1
SAOUHSC_00578	mvaD
SAOUHSC_00579	mvaK2
S215	-
SAOUHSC_00580	-
SAOUHSC_00581	merA
SAOUHSC_00582	hypR
SAOUHSC_00583	-
S216	-
SAOUHSC_00584	tspA
S217	-
SAOUHSC_00585	tsaI1
S218	-
SAOUHSC_00586	-
S219	-
SAOUHSC_00587	-
SAOUHSC_00588	-
SAOUHSC_00589	-
SAOUHSC_00591	-
SAOUHSC_00592	-
SAOUHSC_00593	-
SAOUHSC_00596	-
SAOUHSC_00598	-
SAOUHSC_00599	-
SAOUHSC_00600	-
SAOUHSC_00602	-
SAOUHSC_00603	iolS
S220	-
SAOUHSC_00604	-
SAOUHSC_00605	-
SAOUHSC_00606	-
SAOUHSC_00607	-
S221	-
SAOUHSC_00608	adh1
SAOUHSC_00609	-
S222	-
SAOUHSC_00610	-
SAOUHSC_00611	argS
SAOUHSC_00612	-
S223	-
SAOUHSC_00613	-
SAOUHSC_00614	-
SAOUHSC_00615	-
SAOUHSC_00616	-
SAOUHSC_00617	-
S224	-
SAOUHSC_00618	-
SAOUHSC_00619	-
S225	-
S226	-
SAOUHSC_00620	sarA
S227	-
S228	-
S229	-
SAOUHSC_00621	-
SAOUHSC_00622	sroB
S230	-
SAOUHSC_00624	-
SAOUHSC_00625	mnhA2
SAOUHSC_00626	mnhB2
SAOUHSC_00627	mnhC2
SAOUHSC_00628	mnhD2
SAOUHSC_00629	mnhE2
SAOUHSC_00630.1	mnhF2
SAOUHSC_00632	mnhG2
S232	-
SAOUHSC_00633	-
S233	-
S234	-
SAOUHSC_00634	mntC
SAOUHSC_00636	mntB
SAOUHSC_00637	mntA
SAOUHSC_00638	mntR
S235	-
SAOUHSC_00639	-
SAOUHSC_00640	tagA
SAOUHSC_00641	tagH
S236	-
S237	-
S238	-
SAOUHSC_00642	tagG
SAOUHSC_00643	tagB
SAOUHSC_00644	tagX
SAOUHSC_00645	tagD
SAOUHSC_00646	pbp4
S239	-
S240	-
SAOUHSC_00647	abcA
S241	-
S242	-
SAOUHSC_00648	nupG
S243	-
SAOUHSC_00650	-
SAOUHSC_00651	-
S244	-
SAOUHSC_00652	fhuC
SAOUHSC_00653	fhuB
SAOUHSC_00654	fhuG
SAOUHSC_00655	dhaK
SAOUHSC_00656	dhaL
SAOUHSC_00658	dhaM
SAOUHSC_00659	-
S245	-
SAOUHSC_00660	proT
S246	-
SAOUHSC_00661	gehE
S247	-
SAOUHSC_A00635	-
S248	-
SAOUHSC_00662	-
S249	-
S250	-
SAOUHSC_00663	-
S251	-
SAOUHSC_00664	graX
SAOUHSC_00665	graR
SAOUHSC_00666	graS
S252	-
SAOUHSC_00667	vraF
SAOUHSC_00668	vraG
S253	-
SAOUHSC_00669	pitR
SAOUHSC_00670	pitA
S254	-
SAOUHSC_00671	-
S255	-
S256	-
SAOUHSC_00672	-
S257	-
SAOUHSC_00673	rbf
S258	-
SAOUHSC_00674	sarX
SAOUHSC_00675	-
SAOUHSC_00676	-
SAOUHSC_00677	-
S259	-
SAOUHSC_00678	-
S260	-
SAOUHSC_00679	ccpE
SAOUHSC_00680	-
SAOUHSC_00681	-
SAOUHSC_00682	-
SAOUHSC_00683	-
S261	-
SAOUHSC_00684	-
SAOUHSC_00685	-
S262	-
SAOUHSC_00686	-
S263	-
SAOUHSC_00687	-
SAOUHSC_00688	-
SAOUHSC_00689	-
SAOUHSC_00690	-
SAOUHSC_00691	uppP
SAOUHSC_00692	cydD
SAOUHSC_00693	cydC
S264	-
S265	-
SAOUHSC_00694	mgrA
S266	-
SAOUHSC_00695	-
S267	-
SAOUHSC_00696	-
SAOUHSC_00697	-
SAOUHSC_00698	-
S268	-
SAOUHSC_00699	-
S269	-
SAOUHSC_00700	-
SAOUHSC_00701	-
S270	-
SAOUHSC_00702	-
S271	-
SAOUHSC_00703	norA
S272	-
SAOUHSC_00704	-
SAOUHSC_00705	-
SAOUHSC_00706	fruR
SAOUHSC_00707	fruB
SAOUHSC_00708	fruA
S273	-
SAOUHSC_00709	-
SAOUHSC_00710	nagA
S274	-
S275	-
SAOUHSC_00711	mpfA
SAOUHSC_00712	-
S276	-
SAOUHSC_00713	csbB
SAOUHSC_00714	saeS
SAOUHSC_00715	saeR
SAOUHSC_00716	saeQ
S277	-
S278	-
SAOUHSC_00717	saeP
SAOUHSC_00718	-
SAOUHSC_00719	queE
SAOUHSC_00720	queD
SAOUHSC_00721	queC
S279	-
SAOUHSC_00722	pabA
SAOUHSC_00723	pabB
SAOUHSC_00724	pabC
SAOUHSC_00725	-
S280	-
SAOUHSC_00726	-
SAOUHSC_00727	-
S281	-
S282	-
SAOUHSC_00728	ltaS
SAOUHSC_A00703	-
SAOUHSC_00729	-
SAOUHSC_00730	recQ1
SAOUHSC_00731	opuBA
SAOUHSC_00732	opuBB
SAOUHSC_00733	hisC
S283	-
SAOUHSC_00734	-
S284	-
SAOUHSC_00735	-
S285	-
S286	-
S287	-
SAOUHSC_00736	bmrU
SAOUHSC_00737	-
SAOUHSC_00738	dtpT
S288	-
SAOUHSC_00739	queF
SAOUHSC_00740	-
S289	-
S290	-
S291	-
S292	-
SAOUHSC_00741	nrdI
SAOUHSC_00742	nrdE
S293	-
SAOUHSC_00743	nrdF
SAOUHSC_00744	-
SAOUHSC_00745	-
SAOUHSC_00746	sstA
SAOUHSC_00747	sstB
SAOUHSC_00748	sstC
S294	-
SAOUHSC_00749	sstD
S295	-
SAOUHSC_00751	-
SAOUHSC_00752	murB
S296	-
SAOUHSC_00753	-
SAOUHSC_00754	-
S297	-
SAOUHSC_00755	brxC
S298	-
S299	-
SAOUHSC_00756	-
S300	-
SAOUHSC_00757	pepT
SAOUHSC_00758	-
SAOUHSC_00759	-
SAOUHSC_00760	gdpS
S301	-
SAOUHSC_00762	tagO
SAOUHSC_00763	-
SAOUHSC_00764	fakB1
SAOUHSC_00765	comFA
SAOUHSC_00766	comFC
SAOUHSC_00767	saHPF
S302	-
S303	-
SAOUHSC_00769	secA
SAOUHSC_00770	-
S304	-
SAOUHSC_00771	prfB
SAOUHSC_00772	-
SAOUHSC_00773	-
SAOUHSC_00774	-
SAOUHSC_00775	csbA
S305	-
S306	-
SAOUHSC_00776	uvrB
S307	-
SAOUHSC_00778	-
S308	-
SAOUHSC_A00747	-
SAOUHSC_00779	uvrB2
SAOUHSC_00780	uvrA
SAOUHSC_00781	hprK
SAOUHSC_00782	lgt
SAOUHSC_00783	-
SAOUHSC_00784	-
SAOUHSC_00785	trxB
S309	-
SAOUHSC_00786	-
S310	-
SAOUHSC_00787	-
SAOUHSC_00788	-
S311	-
SAOUHSC_00789	whiA
S312	-
SAOUHSC_T0005	trnaR
S313	-
SAOUHSC_00790	clpP
S314	-
S315	-
SAOUHSC_00792	-
S316	-
S317	-
S318	-
S319	-
SAOUHSC_00793	-
S320	-
S321	-
S322	-
SAOUHSC_00794	gapR
SAOUHSC_00795	gapA
S323	-
SAOUHSC_00796	pgk
S324	-
SAOUHSC_00797	tpiA
SAOUHSC_00798	pgm
S325	-
SAOUHSC_00799	eno
S326	-
S327	-
SAOUHSC_00800	-
SAOUHSC_00801	secG
S328	-
SAOUHSC_00802	est
SAOUHSC_00803	rnr
SAOUHSC_00804	smpB
S329	tmRNA
SAOUHSC_00805	-
SAOUHSC_00806	-
SAOUHSC_00807	-
S330	-
SAOUHSC_00808	-
S331	-
SAOUHSC_00809	-
SAOUHSC_00810	-
S332	-
SAOUHSC_00811	-
S333	-
SAOUHSC_00812	clfA
SAOUHSC_00813	-
SAOUHSC_00814	vwb
S334	-
SAOUHSC_00816	emp
S335	-
SAOUHSC_00817	-
S336	-
SAOUHSC_00818	nuc
S337	-
SAOUHSC_00819	cspC
S338	-
S339	-
SAOUHSC_00820	-
SAOUHSC_00821	-
SAOUHSC_00822	lnsA
S340	-
SAOUHSC_00823	-
SAOUHSC_00824	-
S341	-
S342	-
SAOUHSC_00825	-
SAOUHSC_00826	-
S343	-
S344	-
SAOUHSC_00827	-
SAOUHSC_00828	-
SAOUHSC_00830	-
S345	-
SAOUHSC_00831	ohr
SAOUHSC_00832	aroD
SAOUHSC_00833	ntrA
SAOUHSC_00834	-
SAOUHSC_00835	-
S346	-
SAOUHSC_00836	gcvH
SAOUHSC_00837	-
SAOUHSC_00838	-
S347	-
SAOUHSC_00839	-
S348	-
SAOUHSC_00840	-
SAOUHSC_00841	-
S349	-
SAOUHSC_00842	metN1
SAOUHSC_00843	metP1
SAOUHSC_00844	metQ1
S350	-
SAOUHSC_00845	-
S351	-
SAOUHSC_00846	-
S352	-
S353	-
SAOUHSC_00847	sufC
S354	-
SAOUHSC_00848	sufD
S355	-
SAOUHSC_00849	sufS
SAOUHSC_00850	sufU
S356	-
SAOUHSC_00851	sufB
S357	-
SAOUHSC_00852	-
SAOUHSC_00853	-
SAOUHSC_00854	mpfB
SAOUHSC_00855	-
SAOUHSC_00857	-
SAOUHSC_00858	-
SAOUHSC_00859	-
SAOUHSC_00860	-
SAOUHSC_00861	lipA
S358	-
SAOUHSC_00862	-
SAOUHSC_00863	-
SAOUHSC_00864	-
SAOUHSC_00865	nagD
S359	-
SAOUHSC_00866	-
S360	-
SAOUHSC_00867	-
SAOUHSC_00868	dltX
SAOUHSC_00869	dltA
SAOUHSC_00870	dltB
SAOUHSC_00871	dltC
SAOUHSC_00872	dltD
SAOUHSC_00873	nfu
SAOUHSC_00874	-
SAOUHSC_00875	ndh2b
S361	-
SAOUHSC_00876	-
SAOUHSC_00877	sufA
S362	-
S363	-
SAOUHSC_00878	ndh2a
SAOUHSC_00879	pepZ
SAOUHSC_00880	-
SAOUHSC_00881	-
SAOUHSC_00882	-
SAOUHSC_00883	mnhG1
SAOUHSC_00884	mnhF1
SAOUHSC_00885	mnhE1
SAOUHSC_00886	mnhD1
SAOUHSC_00887	mnhC1
SAOUHSC_00888	mnhB1
SAOUHSC_00889	mnhA1
S364	-
SAOUHSC_00890	kapB
SAOUHSC_00891	ppiB
S365	-
S366	-
SAOUHSC_00892	-
S367	-
SAOUHSC_00893	-
S368	-
SAOUHSC_00894	rocD
S369	-
SAOUHSC_00895	gudB
SAOUHSC_00896	-
SAOUHSC_00897	glpQ
SAOUHSC_00898	argH
SAOUHSC_00899	argG
SAOUHSC_00900	pgi
S370	-
S371	-
SAOUHSC_00901	-
SAOUHSC_00902	spsA
S372	-
SAOUHSC_00903	spsB
SAOUHSC_00904	addB
SAOUHSC_00905	addA
S373	-
SAOUHSC_00906	-
S374	-
SAOUHSC_00907	-
SAOUHSC_00908	cdr
SAOUHSC_00909	-
S375	-
S376	-
SAOUHSC_00910	sufT
S377	-
SAOUHSC_00911	-
S378	-
S379	-
SAOUHSC_00912	clpB
S380	-
SAOUHSC_00913	-
SAOUHSC_00914	-
SAOUHSC_00915	-
SAOUHSC_00916	-
SAOUHSC_00917	-
S381	-
SAOUHSC_00918	-
SAOUHSC_00919	-
SAOUHSC_00920	fabH
SAOUHSC_00921	fabF
SAOUHSC_00922	-
S382	-
SAOUHSC_00923	opp3B
SAOUHSC_00924	opp3C
SAOUHSC_00925	opp3D
SAOUHSC_00926	opp3F
SAOUHSC_00927	opp3A
SAOUHSC_00928	opp4A
SAOUHSC_00929	opp4D
SAOUHSC_00930	opp4F
SAOUHSC_00931	opp4B
SAOUHSC_00932	opp4C
SAOUHSC_00933	trpS
S383	-
S384	-
SAOUHSC_00934	spxA
S385	-
S386	-
S387	-
SAOUHSC_00935	trfA
SAOUHSC_00936	trfB
SAOUHSC_00937	pepF
S388	-
S389	-
S390	-
SAOUHSC_00938	yjbH
SAOUHSC_00939	yjbI
S391	-
SAOUHSC_00940	-
SAOUHSC_00941	-
SAOUHSC_00942	relQ
SAOUHSC_00943	ppnK
SAOUHSC_00944	-
SAOUHSC_00945	mgtE
SAOUHSC_00946	cpaA
S392	-
S393	-
SAOUHSC_00947	fabI
SAOUHSC_00948	cozEa
SAOUHSC_00949	-
S394	-
SAOUHSC_00950	-
SAOUHSC_00951	-
S395	-
SAOUHSC_00952	ltaA
SAOUHSC_00953	ugtP
S396	-
S397	-
SAOUHSC_00954	murE
SAOUHSC_00955	-
SAOUHSC_00956	prfC
S398	-
S399	-
SAOUHSC_00957	-
SAOUHSC_00958	htrA2
SAOUHSC_00959	ktrD
SAOUHSC_00960	-
SAOUHSC_T00049	trnaS
SAOUHSC_T0008	trnaN
SAOUHSC_00961	comK1
S400	-
SAOUHSC_00962	-
SAOUHSC_00963	lplA1
SAOUHSC_00964	-
SAOUHSC_00965	-
S401	-
S402	-
SAOUHSC_00966	-
SAOUHSC_00967	-
S403	-
SAOUHSC_00968	-
SAOUHSC_00969	-
SAOUHSC_00970	-
SAOUHSC_00971	-
SAOUHSC_00972	-
SAOUHSC_00973	tarM
SAOUHSC_00975	-
SAOUHSC_00976	-
SAOUHSC_00977	-
SAOUHSC_00978	-
SAOUHSC_00979	-
SAOUHSC_00980	menA
S404	-
SAOUHSC_00981	-
S405	-
SAOUHSC_00982	menF
SAOUHSC_00983	menD
SAOUHSC_00984	menH
SAOUHSC_00985	menB
SAOUHSC_00986	sspC
SAOUHSC_00987	sspB
SAOUHSC_00988	sspA
SAOUHSC_00989	patA
SAOUHSC_00991	-
SAOUHSC_00992	-
SAOUHSC_00993	-
SAOUHSC_00994	atl
S406	-
SAOUHSC_00995	-
SAOUHSC_00996	-
SAOUHSC_00997	-
S407	-
S408	-
SAOUHSC_00998	fmtA
SAOUHSC_00999	qoxD
SAOUHSC_01000	qoxC
SAOUHSC_01001	qoxB
SAOUHSC_01002	qoxA
SAOUHSC_01003	-
SAOUHSC_01005	-
S409	-
S410	-
S411	-
SAOUHSC_01007	folD
S412	-
S413	-
SAOUHSC_01008	purE
SAOUHSC_01009	purK
SAOUHSC_01010	purC
SAOUHSC_01011	purS
SAOUHSC_01012	purQ
SAOUHSC_01013	purL
SAOUHSC_01014	purF
SAOUHSC_01015	purM
SAOUHSC_01016	purN
SAOUHSC_01017	purH
SAOUHSC_01018	purD
S414	-
S415	-
SAOUHSC_01019	thiX
SAOUHSC_01021	thiW
SAOUHSC_01022	thiV
S416	-
SAOUHSC_01023	-
SAOUHSC_01024	graF
S417	-
SAOUHSC_01025	-
S418	-
SAOUHSC_01026	rlmQ
SAOUHSC_01027	-
S419	-
SAOUHSC_01028	ptsH
SAOUHSC_01029	ptsI
S420	-
SAOUHSC_01030	-
SAOUHSC_01031	cydA
SAOUHSC_01032	cydB
S421	-
SAOUHSC_01034	ktrA
SAOUHSC_A00992	-
S422	-
SAOUHSC_01035	rnjA
SAOUHSC_01036	rpoY
SAOUHSC_01037	-
SAOUHSC_01038	def
S423	-
S424	-
SAOUHSC_01039	-
S425	-
SAOUHSC_01040	pdhA
SAOUHSC_01041	pdhB
S426	-
SAOUHSC_01042	pdhC
SAOUHSC_01043	pdhD
S427	-
SAOUHSC_01044	-
S428	-
SAOUHSC_01045	-
SAOUHSC_01046	potA
SAOUHSC_01047	potB
SAOUHSC_01048	potC
SAOUHSC_01049	potD
SAOUHSC_01050	-
S429	-
SAOUHSC_01051	-
S430	-
SAOUHSC_01053	mntH
SAOUHSC_01054	-
SAOUHSC_01055	imp
SAOUHSC_01055a	-
SAOUHSC_01058	typA
S432	-
SAOUHSC_01060	-
SAOUHSC_01061	-
SAOUHSC_01062	fpa
S433	-
S434	-
SAOUHSC_01063	ftsW
S435	-
S436	-
SAOUHSC_01064	pycA
SAOUHSC_01065	ctaA
S437	-
S438	-
SAOUHSC_01066	ctaB
SAOUHSC_01067	ctaM
S439	-
SAOUHSC_01068	-
SAOUHSC_01069	-
SAOUHSC_01070	ricF
SAOUHSC_01071	-
S441	-
SAOUHSC_01072	-
S442	-
SAOUHSC_01073	-
SAOUHSC_01074	rsmD
SAOUHSC_01075	coaD
S443	-
SAOUHSC_01076	-
SAOUHSC_01077	-
SAOUHSC_A01041	-
S444	-
SAOUHSC_01078	rpmF
SAOUHSC_01079	isdB
SAOUHSC_01081	isdA
S446	-
SAOUHSC_01082	isdC
SAOUHSC_01084	isdD
SAOUHSC_01085	isdE
SAOUHSC_01086	isdF
SAOUHSC_01087	-
S447	-
SAOUHSC_01088	srtB
SAOUHSC_01089	isdG
SAOUHSC_01090	-
S448	-
S449	-
SAOUHSC_01091	-
S450	-
S451	-
SAOUHSC_01092	pheS
SAOUHSC_01093	pheT
SAOUHSC_01095	rnhC
S452	-
SAOUHSC_01096	zapA
SAOUHSC_01097	-
SAOUHSC_01098	polX
SAOUHSC_01099	mutS2
S453	-
SAOUHSC_01100	trxA
S454	-
SAOUHSC_01101	-
SAOUHSC_01102	uvrC
S455	-
SAOUHSC_01103	sdhC
SAOUHSC_01104	sdhA
SAOUHSC_01105	sdhB
S456	-
SAOUHSC_01106	murI
SAOUHSC_01107	-
SAOUHSC_01108	-
SAOUHSC_01109	-
SAOUHSC_01110	ecb
S457	-
SAOUHSC_01111	-
SAOUHSC_01112	flr
S458	-
SAOUHSC_01113	-
SAOUHSC_01114	efb
S459	-
SAOUHSC_01115	scc
S460	-
SAOUHSC_01118	-
SAOUHSC_A01079	-
SAOUHSC_01119	-
S461	-
SAOUHSC_A01081	-
S462	-
SAOUHSC_01120	-
S463	-
SAOUHSC_01121	hla
S464	-
S465	-
SAOUHSC_01122	-
SAOUHSC_01123	-
SAOUHSC_01124	ssl12
SAOUHSC_01125	ssl13
SAOUHSC_01127	ssl14
SAOUHSC_01128	argF
SAOUHSC_01129	arcC1
SAOUHSC_01130	-
S466	-
SAOUHSC_01131	-
S467	-
S468	-
SAOUHSC_01133	-
SAOUHSC_01134	-
S469	-
SAOUHSC_T0006	trnaR
S470	-
SAOUHSC_01135	psmβ1
SAOUHSC_01136	psmβ2
SAOUHSC_01137	-
SAOUHSC_01138	-
SAOUHSC_01139/SAOUHSC_01141	bshC
SAOUHSC_01142	mraZ
SAOUHSC_01143	mraW
SAOUHSC_01144	ftsL
SAOUHSC_01145	pbp1
S472	-
SAOUHSC_01146	mraY
SAOUHSC_01147	murD
SAOUHSC_01148	divIB
SAOUHSC_01149	ftsA
SAOUHSC_01150	ftsZ
S473	-
S474	-
SAOUHSC_01152	-
SAOUHSC_01153	-
SAOUHSC_01154	sepF
SAOUHSC_01155	-
S475	-
SAOUHSC_01156	-
SAOUHSC_01158	divIVA
S476	-
S477	-
SAOUHSC_01159	ileS
S478	-
SAOUHSC_01160	-
S479	-
SAOUHSC_01161	-
SAOUHSC_01162	lspA
SAOUHSC_01163	-
S480	-
S481	-
SAOUHSC_01164	pyrR
S482	-
SAOUHSC_01165	pyrP
SAOUHSC_01166	pyrB
SAOUHSC_01168	pyrC
SAOUHSC_01169	carA
SAOUHSC_01170	carB
S483	-
SAOUHSC_01171	pyrF
SAOUHSC_01172	pyrE
SAOUHSC_01173	-
S484	-
SAOUHSC_01174	-
S485	-
SAOUHSC_01175	rqcH
SAOUHSC_01176	gmk
SAOUHSC_01177	rpoZ
S486	-
S487	-
SAOUHSC_01178	coaBC
SAOUHSC_01179	priA
SAOUHSC_01180	-
S488	-
SAOUHSC_01181	-
SAOUHSC_01182	def2
SAOUHSC_01183	fmt
SAOUHSC_01184	sun
SAOUHSC_01185	rlmN
SAOUHSC_01186	stp1
SAOUHSC_01187	pknB
SAOUHSC_01188	rsgA
SAOUHSC_01189	cfxE
SAOUHSC_01190	thiN
S490	-
S491	-
SAOUHSC_01191	rpmB
S492	-
SAOUHSC_01192	-
SAOUHSC_01193	fakA
SAOUHSC_01194	recG
S493	-
SAOUHSC_01196	fapR
SAOUHSC_01197	plsX
SAOUHSC_01198	fabD
SAOUHSC_01199	fabG
S494	-
SAOUHSC_01200	-
S495	-
SAOUHSC_01201	acpP
S496	-
SAOUHSC_01203	rnc
S497	-
SAOUHSC_01204	smc
SAOUHSC_01205	ftsY
SAOUHSC_01206	-
SAOUHSC_01207	ffh
S498	-
SAOUHSC_01208	rpsP
S499	-
SAOUHSC_01209	rimM
SAOUHSC_01210	trmD
S500	-
SAOUHSC_01211	rplS
S501	-
SAOUHSC_01212	-
SAOUHSC_01213	-
S502	-
SAOUHSC_01214	rbgA
SAOUHSC_01215	rnhB
SAOUHSC_01216	sucC
SAOUHSC_01218	sucD
SAOUHSC_01219	lytN
SAOUHSC_01220	fmhC
SAOUHSC_01221	dprA
S503	-
SAOUHSC_01222	topA
S504	-
SAOUHSC_01223	gid
S505	-
SAOUHSC_01224	xerC
SAOUHSC_01225	hslV
SAOUHSC_01226	hslU
SAOUHSC_01228	codY
S506	-
SAOUHSC_01230	-
S507	-
S508	-
SAOUHSC_01232	rpsB
SAOUHSC_01233	-
SAOUHSC_01234	tsf
S509	-
SAOUHSC_01235	pyrH
SAOUHSC_01236	frr
S510	-
S511	-
SAOUHSC_01237	uppS
SAOUHSC_01238	cdsA
S512	-
SAOUHSC_01239	rasP
SAOUHSC_01240	proS
S513	-
SAOUHSC_01241	polC
S514	-
S515	-
SAOUHSC_01242	rimP
SAOUHSC_01243	nusA
SAOUHSC_01244	rnpM
SAOUHSC_01245	rplGA
SAOUHSC_01246	infB
S516	-
S517	-
SAOUHSC_01247	rbfA
S518	-
SAOUHSC_01248	truB
SAOUHSC_01249	ribC
S519	-
SAOUHSC_01250	rpsO
S520	-
SAOUHSC_01251	pnpA
S521	-
SAOUHSC_01252	rnjB
S522	-
SAOUHSC_01253	spoIIIE
SAOUHSC_01254	-
SAOUHSC_01255	-
SAOUHSC_01256	-
SAOUHSC_01257	-
S523	-
SAOUHSC_01258	-
SAOUHSC_01259	rodZ
SAOUHSC_01260	pgsA
S524	-
SAOUHSC_01261	cinA
S525	-
S526	-
SAOUHSC_01262	recA
S527	-
S528	-
SAOUHSC_01263	rny
SAOUHSC_01264	-
SAOUHSC_01265	-
SAOUHSC_01266	-
SAOUHSC_01267	-
S529	-
SAOUHSC_01268	-
S530	-
SAOUHSC_01269	miaB
SAOUHSC_01270	ricA
SAOUHSC_01271	-
S531	-
SAOUHSC_01272	mutS
SAOUHSC_01273	mutL
SAOUHSC_01274	glpP
S532	-
S533	-
SAOUHSC_01275	glpF
S534	-
SAOUHSC_01276	glpK
S535	-
SAOUHSC_01278	glpD
SAOUHSC_01279	-
SAOUHSC_01280	miaA
SAOUHSC_01281	hfq
S536	-
SAOUHSC_01282	bsaA
SAOUHSC_01283	hflX
SAOUHSC_01284	-
SAOUHSC_01285	glnR
SAOUHSC_01287	glnA
S537	-
SAOUHSC_01288	-
S538	-
SAOUHSC_01289	-
SAOUHSC_01290	-
S539	-
SAOUHSC_01291	-
SAOUHSC_01292	-
S540	-
SAOUHSC_01293	-
SAOUHSC_01294	-
SAOUHSC_01295	-
SAOUHSC_01296	-
S541	-
SAOUHSC_01297	-
SAOUHSC_01298	-
SAOUHSC_01299	-
SAOUHSC_01300	-
SAOUHSC_01301	-
S542	-
SAOUHSC_01303	-
SAOUHSC_01304	-
SAOUHSC_01305	-
SAOUHSC_01306	-
SAOUHSC_01307	-
SAOUHSC_1307a	-
SAOUHSC_01310	cls1
SAOUHSC_01311	-
SAOUHSC_01312	-
SAOUHSC_01313	-
SAOUHSC_01314	-
SAOUHSC_01315	-
SAOUHSC_01316	nuc2
SAOUHSC_01317	-
S545	-
S546	-
S547	-
SAOUHSC_01318	-
SAOUHSC_01319	thrD
S548	-
S549	-
SAOUHSC_01320	hom
SAOUHSC_01321	thrC
SAOUHSC_01322	thrB
SAOUHSC_01323	-
SAOUHSC_01324	-
SAOUHSC_01325	-
SAOUHSC_01326	-
S550	-
SAOUHSC_01327	katA
S551	-
SAOUHSC_01328	rpmG2
S552	-
SAOUHSC_01329	rpsN2
S553	-
SAOUHSC_01330	guaC
SAOUHSC_01331	-
S554	-
S555	-
SAOUHSC_01332	-
S556	-
SAOUHSC_01333	lexA
SAOUHSC_01334	sosA
S557	-
SAOUHSC_01336	-
S558	-
SAOUHSC_01337	tkt
S559	-
SAOUHSC_01338	-
SAOUHSC_01339	-
S560	-
SAOUHSC_01340	-
SAOUHSC_01341	sbcD
SAOUHSC_01343	sbcC
SAOUHSC_1342a	-
S562	-
SAOUHSC_01346	opuD1
SAOUHSC_01347	citB
S563	-
SAOUHSC_01348	-
S564	-
SAOUHSC_01349	-
S565	-
S566	-
SAOUHSC_01350	plsY
S567	-
SAOUHSC_01351	parE
SAOUHSC_01352	parC
S568	-
SAOUHSC_01353	-
SAOUHSC_01354	alsT
S569	-
SAOUHSC_01356	glcT
SAOUHSC_01357	-
SAOUHSC_01358	cozEb
S570	-
SAOUHSC_01359	mprF
S571	-
SAOUHSC_01360	msrA2
S572	-
S573	-
SAOUHSC_01361	msrR
S574	-
SAOUHSC_01362	dmpI
SAOUHSC_01363	umuC
S575	-
SAOUHSC_01364	tyrA
SAOUHSC_01365	-
S576	-
S577	-
SAOUHSC_01366	trpE
SAOUHSC_01367	trpG
SAOUHSC_01368	trpD
SAOUHSC_01369	trpC
SAOUHSC_01370	trpF
SAOUHSC_01371	trpB
SAOUHSC_01372	trpA
S578	-
S579	-
SAOUHSC_01373	femA
SAOUHSC_01374	femB
SAOUHSC_01375	-
SAOUHSC_01376	-
S580	-
SAOUHSC_01377	nikE
SAOUHSC_01378	nikD
SAOUHSC_01379	nikC
SAOUHSC_01380	nikB
SAOUHSC_01381	-
SAOUHSC_01382	-
S581	-
SAOUHSC_01383	-
S582	-
SAOUHSC_01384	phoU
SAOUHSC_01385	pstB
SAOUHSC_01386	pstA
SAOUHSC_01387	pstC
SAOUHSC_01388	-
SAOUHSC_01389	pstS
SAOUHSC_A01332	-
SAOUHSC_01390	-
SAOUHSC_01391	cvfB
SAOUHSC_01392	-
S583	-
S584	-
SAOUHSC_01394	lysC
SAOUHSC_01395	asd
SAOUHSC_01396	dapA
SAOUHSC_01397	dapB
SAOUHSC_01398	dapD
S585	-
SAOUHSC_01399	dapI
SAOUHSC_01400	alr2
SAOUHSC_01401	lysA
S586	-
SAOUHSC_01402	msa
S587	-
SAOUHSC_01403	cspA
S588	-
SAOUHSC_01404	-
SAOUHSC_01405	-
SAOUHSC_01406	acyP
SAOUHSC_01407	xpaC
SAOUHSC_01408	-
S589	-
SAOUHSC_01409	tnp1
SAOUHSC_01411	brnQ3
S590	-
SAOUHSC_01412	-
SAOUHSC_01413	-
S591	-
SAOUHSC_01414	-
SAOUHSC_01415	-
S592	-
S593	-
SAOUHSC_01416	sucB
SAOUHSC_01418	sucA
S594	-
SAOUHSC_01419	arlS
SAOUHSC_01420	arlR
S595	-
SAOUHSC_01421	-
SAOUHSC_01422	-
S596	-
S597	-
SAOUHSC_01423	pgpB
SAOUHSC_01424	murG
SAOUHSC_01425	-
S598	-
SAOUHSC_01427	ctpA
SAOUHSC_01428	-
S599	-
SAOUHSC_01429	-
SAOUHSC_01430	crr
SAOUHSC_01431	msrB
SAOUHSC_01432	msrA1
SAOUHSC_01433	fakB2
SAOUHSC_01434	dfrA
S600	-
SAOUHSC_01435	thyA
S601	-
SAOUHSC_01436	brxA
SAOUHSC_01437	cvfC
SAOUHSC_01438	-
SAOUHSC_01439	-
S602	-
SAOUHSC_01440	-
S603	-
SAOUHSC_01441	-
SAOUHSC_01442	-
SAOUHSC_01443	rnhA
SAOUHSC_01447	ebh
S604	-
SAOUHSC_01448	norB
S605	-
SAOUHSC_01450	-
SAOUHSC_01451	ilvA1
S606	-
SAOUHSC_01452	ald1
SAOUHSC_01454	-
SAOUHSC_01455	dynA
S607	-
SAOUHSC_01456	-
S608	-
SAOUHSC_01458	-
SAOUHSC_01459	-
S609	-
SAOUHSC_01460	-
S610	-
S611	-
SAOUHSC_01462	gpsB
SAOUHSC_01463	-
SAOUHSC_01464	-
SAOUHSC_01465	-
S612	-
SAOUHSC_01466	recU
SAOUHSC_01467	pbp2
SAOUHSC_01468	-
SAOUHSC_01469	nth
SAOUHSC_01470	dnaD
SAOUHSC_01471	asnC
SAOUHSC_01472	dinG
SAOUHSC_01473	birA
SAOUHSC_01474	papS
SAOUHSC_01475	bshA
S614	-
SAOUHSC_01476	-
SAOUHSC_01477	-
SAOUHSC_01478	-
SAOUHSC_01479	-
SAOUHSC_01480	-
S615	-
SAOUHSC_01481	aroA
SAOUHSC_01482	aroB
SAOUHSC_01483	aroC
SAOUHSC_01484	-
SAOUHSC_01485	ndk
S616	-
SAOUHSC_01486	hepT
SAOUHSC_01487	ubiE
S617	-
SAOUHSC_01488	-
SAOUHSC_01489	-
SAOUHSC_01490	hup
S618	-
SAOUHSC_01491	gpsA
SAOUHSC_01492	engA
S619	-
SAOUHSC_01493	rpsA
S620	-
SAOUHSC_A01436	-
SAOUHSC_01494	-
SAOUHSC_01495	-
SAOUHSC_01496	cmk
SAOUHSC_01497	ansA
SAOUHSC_01499	bdr
SAOUHSC_01500	-
SAOUHSC_01501	ebpS
S622	-
SAOUHSC_01502	recQ2
SAOUHSC_01503	-
S623	-
S624	-
S625	-
SAOUHSC_01504	fer
SAOUHSC_01505	ribU
S626	-
SAOUHSC_01507	-
SAOUHSC_01508	-
SAOUHSC_01510	-
SAOUHSC_01511	-
SAOUHSC_01512	-
SAOUHSC_01513	-
S627	-
SAOUHSC_01514	-
S628	-
SAOUHSC_A01455	-
S629	-
SAOUHSC_01515	-
SAOUHSC_01516	-
SAOUHSC_01517	-
SAOUHSC_01518	-
SAOUHSC_01519	-
SAOUHSC_01520	-
SAOUHSC_01521	-
SAOUHSC_01522	-
SAOUHSC_01523	-
SAOUHSC_01524	-
SAOUHSC_01525	-
SAOUHSC_01526	-
SAOUHSC_01527	-
SAOUHSC_01528	-
S630	-
SAOUHSC_01529	-
SAOUHSC_01530	-
SAOUHSC_01531	-
SAOUHSC_01532	-
SAOUHSC_01533	-
S631	-
SAOUHSC_01535	-
SAOUHSC_01536	-
SAOUHSC_01537	-
SAOUHSC_01538	-
SAOUHSC_01539	-
SAOUHSC_01540	-
SAOUHSC_01541	-
SAOUHSC_01542	-
SAOUHSC_01543	-
SAOUHSC_01544	-
SAOUHSC_01545	-
SAOUHSC_01546	-
SAOUHSC_01547	-
SAOUHSC_01548	-
SAOUHSC_01549	-
SAOUHSC_01550	-
SAOUHSC_01551	-
SAOUHSC_01552	dut
SAOUHSC_01553	-
SAOUHSC_01554	-
SAOUHSC_01555	-
SAOUHSC_01556	-
SAOUHSC_01557	-
SAOUHSC_01558	-
SAOUHSC_01559	-
SAOUHSC_01560	-
SAOUHSC_01561	-
SAOUHSC_01562	-
SAOUHSC_01563	-
SAOUHSC_01565	-
SAOUHSC_01566	-
SAOUHSC_01567	-
SAOUHSC_01568	-
S632	-
SAOUHSC_01569	-
SAOUHSC_01570	-
SAOUHSC_01571	-
S633	-
SAOUHSC_01572	-
SAOUHSC_01573	-
SAOUHSC_01574	-
SAOUHSC_A01514	-
SAOUHSC_01575	-
SAOUHSC_01576	-
SAOUHSC_01577	-
S634	-
SAOUHSC_01578	-
SAOUHSC_01579	-
SAOUHSC_01580	-
S635	-
SAOUHSC_01582	int1
S636	-
SAOUHSC_01583	-
SAOUHSC_01584	-
S637	-
SAOUHSC_01585	srrB
SAOUHSC_01586	srrA
S638	-
SAOUHSC_01587	rluB
SAOUHSC_01588	scpB
SAOUHSC_01589	scpA
SAOUHSC_01590	-
SAOUHSC_01591	xerD
SAOUHSC_01592	fur
SAOUHSC_01593	nudF
SAOUHSC_01594	-
SAOUHSC_01595	-
SAOUHSC_01596	-
S639	-
SAOUHSC_01597	proC
SAOUHSC_01598	rnz
S640	-
SAOUHSC_01599	zwf
S641	-
SAOUHSC_01600	-
SAOUHSC_01601	malA
SAOUHSC_01602	malR
SAOUHSC_01603	-
SAOUHSC_01604	-
S642	-
SAOUHSC_01605	gnd
SAOUHSC_01606	-
S643	-
S644	-
SAOUHSC_01607	-
SAOUHSC_01608	-
SAOUHSC_01609	-
SAOUHSC_01610	brxB
S645	-
SAOUHSC_01611	bfmBB
SAOUHSC_01612	bfmBAB
SAOUHSC_01613	bfmBAA
SAOUHSC_01614	lpdA
S646	-
SAOUHSC_01615	recN
SAOUHSC_01617	argR
S647	-
SAOUHSC_01618	ispA
SAOUHSC_01619	xseB
SAOUHSC_01620	xseA
SAOUHSC_01621	nusB
SAOUHSC_01622	-
SAOUHSC_01623	accC
SAOUHSC_01624	accB
S648	-
SAOUHSC_01625	efp
SAOUHSC_01626	pepQ2
SAOUHSC_01627	-
SAOUHSC_01628	-
SAOUHSC_01629	lipM
S649	-
SAOUHSC_01630	-
S650	-
S651	-
SAOUHSC_01632	gcvPB
SAOUHSC_01633	gcvPA
SAOUHSC_01634	gcvT
S652	-
SAOUHSC_01635	aroK
SAOUHSC_01636	-
SAOUHSC_01637	comGF
SAOUHSC_01638	comGE
SAOUHSC_01639	comGD
SAOUHSC_01640	comGC
SAOUHSC_01641	comGB
SAOUHSC_01643	comGA
SAOUHSC_01644	-
SAOUHSC_01645	-
SAOUHSC_01646	glk
SAOUHSC_01647	-
SAOUHSC_01649	-
SAOUHSC_01650	-
SAOUHSC_01651	rpmG
SAOUHSC_01652	pbp3
SAOUHSC_01653	sodA
S653	-
SAOUHSC_01655	zur
SAOUHSC_01656	znuB
SAOUHSC_01657	znuC
S654	-
SAOUHSC_01658	nfo
SAOUHSC_01659	cshB
S655	-
SAOUHSC_01660	-
SAOUHSC_01661	trmK
SAOUHSC_01662	sigA
S656	-
SAOUHSC_01663	dnaG
SAOUHSC_01664	-
SAOUHSC_01665	ccpN
S657	-
S658	-
S659	-
SAOUHSC_01666	glyS
SAOUHSC_01667	recO
SAOUHSC_01668	era
SAOUHSC_01669	-
SAOUHSC_01670	cdd
SAOUHSC_01671	dgkA
SAOUHSC_01672	ybeY
SAOUHSC_01673	phoH
S661	-
SAOUHSC_01675	-
SAOUHSC_01676	floA
SAOUHSC_01677	-
S662	-
S663	-
SAOUHSC_01678	rpsU
S664	-
S665	-
SAOUHSC_01679	mtaB
SAOUHSC_01680	rsmE
SAOUHSC_01681	prmA
SAOUHSC_01682	dnaJ
S666	-
SAOUHSC_01683	dnaK
SAOUHSC_01684	grpE
SAOUHSC_01685	hrcA
SAOUHSC_01686	hemN
S667	-
SAOUHSC_01687	-
S668	-
SAOUHSC_01688	lepA
S669	-
S670	-
SAOUHSC_01689	rpsT
SAOUHSC_01690	holA
SAOUHSC_01691	comEC
SAOUHSC_01692	comEB
S671	-
SAOUHSC_01693	comEA
SAOUHSC_01694	-
SAOUHSC_01695	rsfS
SAOUHSC_01696	-
SAOUHSC_01697	nadD
SAOUHSC_01698	-
SAOUHSC_01699	aroE
SAOUHSC_01700	-
SAOUHSC_01701	-
SAOUHSC_01702	mtnN
SAOUHSC_01703	-
SAOUHSC_01704	-
SAOUHSC_01705	-
SAOUHSC_01706	-
S672	-
S673	-
SAOUHSC_01707	-
SAOUHSC_01708	pxpA
SAOUHSC_01709	-
SAOUHSC_01710	-
SAOUHSC_01711	-
S674	-
SAOUHSC_01712	-
S675	-
SAOUHSC_01714	greA
SAOUHSC_01715	udk
SAOUHSC_01716	-
SAOUHSC_01717	-
SAOUHSC_01718	-
S676	-
SAOUHSC_01719	-
SAOUHSC_01720	-
SAOUHSC_01721	-
SAOUHSC_01722	alaS
S677	-
S678	-
SAOUHSC_01723	recD2
SAOUHSC_01724	-
S679	-
SAOUHSC_01726	mnmA
SAOUHSC_01727	iscS
S680	-
S681	-
SAOUHSC_01728	-
SAOUHSC_01729	-
SAOUHSC_01730	csbD
SAOUHSC_01732	cymR
SAOUHSC_01733	-
SAOUHSC_01734	rarA
S683	-
S684	-
SAOUHSC_01735	tcdA
SAOUHSC_01736	-
S685	-
SAOUHSC_01737	aspS
SAOUHSC_01738	hisS
S686	-
S687	-
SAOUHSC_01739	lytH
SAOUHSC_01741	dtd
SAOUHSC_01742	relA
S688	-
S689	-
SAOUHSC_01743	apt
SAOUHSC_01744	recJ
S690	-
SAOUHSC_01746	secDF
S692	-
SAOUHSC_01747	yajC
SAOUHSC_01748	tgt
SAOUHSC_01749	queA
SAOUHSC_01750	ruvB
SAOUHSC_01751	ruvA
SAOUHSC_01752	thrR
SAOUHSC_01753	obgE
S693	-
SAOUHSC_01755	rpmA
SAOUHSC_01756	-
SAOUHSC_01757	rplU
S694	-
SAOUHSC_01758	mreD
SAOUHSC_01759	mreC
SAOUHSC_01760	-
SAOUHSC_01761	-
SAOUHSC_01761a	-
S696	-
SAOUHSC_01762	-
SAOUHSC_01763	radC
SAOUHSC_01764	comC
SAOUHSC_01765	-
SAOUHSC_01766	folC
SAOUHSC_01767	valS
S697	-
S698	-
S699	-
SAOUHSC_01768	tag
S700	-
SAOUHSC_01769	-
SAOUHSC_01770	-
SAOUHSC_01771	hemL
SAOUHSC_01772	hemB
SAOUHSC_01773	hemD
SAOUHSC_01774	hemC
SAOUHSC_01775	hemX
SAOUHSC_01776	hemA
S701	-
SAOUHSC_01777	engB
S702	-
SAOUHSC_01778	clpX
S703	-
SAOUHSC_01779	tig
SAOUHSC_01780	-
SAOUHSC_01781	-
SAOUHSC_01782	-
SAOUHSC_01783	-
SAOUHSC_01784	rplT
SAOUHSC_01785	rpmI
SAOUHSC_01786	infC
S704	-
S705	-
SAOUHSC_01787	lysP
S706	-
S707	-
SAOUHSC_01788	thrS
S708	-
SAOUHSC_01789	-
S709	-
SAOUHSC_01791	dnaI
SAOUHSC_01792	dnaB
SAOUHSC_01793	nrdR
SAOUHSC_01794	gapB
SAOUHSC_01795	coaE
SAOUHSC_01796	mutM
SAOUHSC_01797	polA
SAOUHSC_01798	-
S710	-
SAOUHSC_01799	phoR
SAOUHSC_01800	phoP
SAOUHSC_A01723	-
S711	-
SAOUHSC_01801	citC
SAOUHSC_01802	citZ
S712	-
SAOUHSC_01803	aapA
SAOUHSC_01805	-
S713	-
SAOUHSC_01806	pykA
SAOUHSC_01807	pfkA
S714	-
S715	-
S716	-
SAOUHSC_01808	accA
SAOUHSC_01809	accD
S717	-
SAOUHSC_01810	-
S718	-
SAOUHSC_01811	dnaE
SAOUHSC_01812	pde2
S719	-
SAOUHSC_01813	-
SAOUHSC_01814	uspA2
SAOUHSC_01815	-
SAOUHSC_01816	pepQ
S720	-
SAOUHSC_01817	-
S721	-
SAOUHSC_01818	ald2
SAOUHSC_01819	uspA1
SAOUHSC_01820	ackA
SAOUHSC_01821	-
S722	-
SAOUHSC_01822	tpx
SAOUHSC_01823	-
SAOUHSC_01824	thiI
SAOUHSC_01825	nifZ
SAOUHSC_01826	-
S723	-
SAOUHSC_01827	ezrA
SAOUHSC_01828	-
S724	-
SAOUHSC_01829	rpsD
SAOUHSC_A01754	-
SAOUHSC_01830	-
SAOUHSC_01831	-
SAOUHSC_01832	-
SAOUHSC_01833	serA
S725	-
SAOUHSC_01834	-
SAOUHSC_01835	-
SAOUHSC_01836	ptaA
S726	-
SAOUHSC_01837	plsC
SAOUHSC_01838	htrA1
SAOUHSC_01839	tyrS
S727	-
S728	-
SAOUHSC_01840	sgtA
SAOUHSC_01841	-
SAOUHSC_01843	isdH
SAOUHSC_01844	-
SAOUHSC_01845	fhs
S729	-
S730	-
SAOUHSC_01846	acsA
SAOUHSC_01847	acuA
SAOUHSC_01849	acuC
SAOUHSC_01850	ccpA
SAOUHSC_01851	-
S731	-
SAOUHSC_01852	aroA2
S732	-
SAOUHSC_01853	-
S733	-
SAOUHSC_01854	-
SAOUHSC_01855	facZ
SAOUHSC_01856	murC
SAOUHSC_01857	ftsK
SAOUHSC_01858	-
SAOUHSC_01859	-
SAOUHSC_01860	-
SAOUHSC_01861	-
SAOUHSC_01863	-
S734	-
SAOUHSC_01864	-
SAOUHSC_01865	trmB
SAOUHSC_01866	-
S735	-
S736	-
SAOUHSC_01867	dat
SAOUHSC_01868	-
S737	-
SAOUHSC_01869	-
SAOUHSC_01870	-
SAOUHSC_01871	-
S738	-
S739	-
SAOUHSC_01872	-
SAOUHSC_01873	sasC
SAOUHSC_01874	-
SAOUHSC_01875	leuS
S740	-
SAOUHSC_01876	-
SAOUHSC_01877	-
SAOUHSC_01878	-
S741	-
SAOUHSC_01879	rot
S742	-
SAOUHSC_01880	-
SAOUHSC_01882	-
SAOUHSC_01883	-
SAOUHSC_01884	putA
SAOUHSC_01886	ribH
SAOUHSC_01887	ribA
SAOUHSC_01888	ribB
SAOUHSC_01889	ribD
S743	-
SAOUHSC_01890	-
S744	-
SAOUHSC_01891	arsR
SAOUHSC_01893	arsB
SAOUHSC_01894	arsC
S745	-
S746	-
SAOUHSC_01895	-
S747	-
S748	-
SAOUHSC_01896	-
S749	-
S750	-
SAOUHSC_01897	sigS
S751	-
SAOUHSC_01898	comK2
S752	-
SAOUHSC_01899	-
S753	-
S754	-
SAOUHSC_01900	spdA
SAOUHSC_01901	tal
S755	-
SAOUHSC_01902	-
S756	-
S757	-
SAOUHSC_01903	crcB1
SAOUHSC_01904	crcB2
SAOUHSC_01905	-
SAOUHSC_01907	-
SAOUHSC_01908	smdA
SAOUHSC_01909	metK
S758	-
SAOUHSC_01910	pckA
SAOUHSC_01911	tnp2
SAOUHSC_01912	-
SAOUHSC_01913	rppH
S759	-
SAOUHSC_01914	-
SAOUHSC_01915	menC
SAOUHSC_01916	menE
SAOUHSC_01917	-
S760	-
SAOUHSC_01918	-
S761	-
SAOUHSC_01919	-
SAOUHSC_01920	-
SAOUHSC_01921	-
SAOUHSC_01922	-
SAOUHSC_01923	-
SAOUHSC_01924	-
SAOUHSC_01925	-
SAOUHSC_01926	-
S762	-
SAOUHSC_01927	-
S763	-
SAOUHSC_01928	-
S764	-
S765	-
SAOUHSC_01929	-
SAOUHSC_01930	-
S766	-
SAOUHSC_01931	-
SAOUHSC_01932	hsdS2
SAOUHSC_01933	hsdM2
SAOUHSC_01934	-
SAOUHSC_01935	splF
SAOUHSC_01936	splE
SAOUHSC_01937	-
SAOUHSC_01938	splD
S767	-
SAOUHSC_01939	splC
SAOUHSC_01941	splB
S768	-
SAOUHSC_01942	splA
SAOUHSC_01943	-
SAOUHSC_01944	-
S769	-
S770	-
SAOUHSC_01945	epiG
SAOUHSC_01947	epiE
SAOUHSC_01948	epiF
SAOUHSC_01949	epiP
SAOUHSC_01950	epiD
SAOUHSC_01951	epiC
SAOUHSC_01952	epiB
SAOUHSC_01953	epiA
SAOUHSC_01954	lukD
SAOUHSC_01955	lukE
S771	-
SAOUHSC_01956	-
SAOUHSC_01957	-
S772	-
S773	-
S774	-
S775	-
SAOUHSC_T00050	trnaS
SAOUHSC_T00019	trnaE
SAOUHSC_T0009	trnaN
SAOUHSC_T00022	trnaG
SAOUHSC_T00026	trnaH
SAOUHSC_T00042	trnaF
SAOUHSC_T00012	trnaD
SAOUHSC_T00038	trnaM
S776	-
S777	-
SAOUHSC_01958	-
S778	-
SAOUHSC_01959	-
S779	-
SAOUHSC_01960	hemY
SAOUHSC_01961	hemH
SAOUHSC_01962	hemE
SAOUHSC_01963	-
S780	-
SAOUHSC_01964	traP
SAOUHSC_01966	-
SAOUHSC_01967	ecsA
SAOUHSC_01968	hit
S781	-
SAOUHSC_01969	-
S782	-
S783	-
SAOUHSC_01971	-
S784	-
SAOUHSC_01972	prsA
SAOUHSC_01973	cbf1
SAOUHSC_01974	-
SAOUHSC_01975	-
S785	-
SAOUHSC_01976	-
SAOUHSC_01977	-
SAOUHSC_01978	-
SAOUHSC_01979	-
S786	-
S787	-
SAOUHSC_01980	airR
SAOUHSC_01981	airS
SAOUHSC_01982	-
S788	-
SAOUHSC_01983	fumC
SAOUHSC_01984	-
S789	-
SAOUHSC_01985	-
S790	-
SAOUHSC_01986	-
SAOUHSC_01987	-
S791	-
SAOUHSC_01988	cspR
SAOUHSC_01989	queG
SAOUHSC_01990	glnQ
SAOUHSC_01991	glnP
SAOUHSC_01992	-
SAOUHSC_01993	tnp3
S792	-
SAOUHSC_T00031	trnaL
SAOUHSC_T00046	-
SAOUHSC_T00047	-
SAOUHSC_T00023	trnaG
SAOUHSC_T00015	trnaC
SAOUHSC_T00016	trnaQ
SAOUHSC_T00027	trnaH
SAOUHSC_T00056	trnaW
SAOUHSC_T00057	trnaY
SAOUHSC_T00054	trnaT
SAOUHSC_T00043	trnaL
SAOUHSC_A01909	-
SAOUHSC_T00013	trnaD
SAOUHSC_T00039	trnaM
SAOUHSC_T00051	trnaS
SAOUHSC_T00014	trnaD
SAOUHSC_T00052	trnaS
SAOUHSC_T00040	trnaM
SAOUHSC_T00041	trnaM
SAOUHSC_T0002	trnaA
SAOUHSC_T00045	trnaP
SAOUHSC_T0007	trnaR
SAOUHSC_T00032	trnaL
SAOUHSC_T00024	trnaG
SAOUHSC_T00033	trnaL
SAOUHSC_T00036	trnaK
SAOUHSC_T00055	trnaT
SAOUHSC_T00060	trnaV
SAOUHSC_R00013	rrfC
SAOUHSC_R0008	rrl3
SAOUHSC_T0003	-
SAOUHSC_A01912	-
SAOUHSC_T00028	-
SAOUHSC_R0003	rrsD
S793	-
S794	-
S795	-
SAOUHSC_01997	perR
S796	-
SAOUHSC_01998	-
SAOUHSC_01999	bcp
SAOUHSC_02000	gsaB
S798	-
SAOUHSC_02001	-
SAOUHSC_02002	-
SAOUHSC_02003	-
S799	-
S800	-
SAOUHSC_02004	-
S801	-
SAOUHSC_02005	mutY
SAOUHSC_02006	-
S802	-
SAOUHSC_02007	-
S803	-
SAOUHSC_02008	-
SAOUHSC_02009	-
SAOUHSC_02010	-
SAOUHSC_02011	recX
SAOUHSC_02012	sgtB
S804	-
S805	-
SAOUHSC_02013	-
S806	-
SAOUHSC_02014	-
S807	-
SAOUHSC_02015	-
S808	-
SAOUHSC_02016	-
SAOUHSC_02017	-
S809	-
SAOUHSC_02018	-
S810	-
SAOUHSC_02019	-
SAOUHSC_02020	-
SAOUHSC_02021	-
SAOUHSC_02022	-
SAOUHSC_02023	-
SAOUHSC_02025	-
SAOUHSC_02026	-
SAOUHSC_02027	-
SAOUHSC_02028	-
SAOUHSC_02029	-
SAOUHSC_02030	-
SAOUHSC_02031	-
SAOUHSC_02033	-
SAOUHSC_02034	-
SAOUHSC_02035	-
SAOUHSC_02036	-
SAOUHSC_02037	-
SAOUHSC_02038	-
SAOUHSC_02040	-
SAOUHSC_02041	-
SAOUHSC_02042	-
SAOUHSC_02043	-
SAOUHSC_02044	-
S811	-
SAOUHSC_02046	-
SAOUHSC_02047	-
SAOUHSC_02048	-
SAOUHSC_02049	-
SAOUHSC_02050	-
S812	-
SAOUHSC_02051	rinA
SAOUHSC_02052	-
SAOUHSC_02053	-
SAOUHSC_02054	-
SAOUHSC_02055	-
SAOUHSC_02056	-
SAOUHSC_02057	-
SAOUHSC_02058	-
SAOUHSC_02059	-
SAOUHSC_02060	-
SAOUHSC_02061	-
SAOUHSC_02062	-
SAOUHSC_02063	-
SAOUHSC_02064	-
SAOUHSC_02065	-
SAOUHSC_02066	-
SAOUHSC_02067	-
SAOUHSC_02068	-
SAOUHSC_02069	-
SAOUHSC_02070	-
SAOUHSC_02071	-
S813	-
SAOUHSC_02072	-
SAOUHSC_02073	-
SAOUHSC_02074	-
SAOUHSC_02075	-
S814	-
SAOUHSC_02076	-
SAOUHSC_02077	-
S815	-
SAOUHSC_02078	-
SAOUHSC_02079	-
SAOUHSC_02080	-
S816	-
SAOUHSC_02081	-
SAOUHSC_02083	-
SAOUHSC_02084	-
S817	-
SAOUHSC_02085	-
S818	-
S819	-
SAOUHSC_02086	-
SAOUHSC_02087	-
SAOUHSC_02088	-
S820	-
SAOUHSC_02089	int2
SAOUHSC_02090	-
SAOUHSC_02091	-
S821	-
SAOUHSC_02092	ampS
SAOUHSC_02093	-
SAOUHSC_02095	ptpA
SAOUHSC_02096	-
S822	-
SAOUHSC_02097	-
S823	-
SAOUHSC_02098	vraR
SAOUHSC_02099	vraS
SAOUHSC_02100	vraT
SAOUHSC_02101	vraU
S824	-
SAOUHSC_02102	map
S825	-
SAOUHSC_A02013	-
S826	-
SAOUHSC_02103	-
S827	-
SAOUHSC_02104	-
SAOUHSC_02105	-
SAOUHSC_02106	gatD
SAOUHSC_02107	murT
SAOUHSC_02108	ftnA
S828	-
SAOUHSC_02109	-
S829	-
SAOUHSC_02110	-
SAOUHSC_02111	dinB
S830	-
S831	-
SAOUHSC_02112	-
S832	-
SAOUHSC_02113	rumA
SAOUHSC_02114	dgkB
S833	-
SAOUHSC_02115	-
SAOUHSC_02116	gatB
SAOUHSC_02117	gatA
SAOUHSC_02118	gatC
SAOUHSC_02119	putP
SAOUHSC_02121	camS
SAOUHSC_02122	ligA
SAOUHSC_02123	pcrA
SAOUHSC_02124	pcrB
SAOUHSC_02125	hisR
S834	-
SAOUHSC_02126	purB
S835	-
SAOUHSC_02127	scpA
SAOUHSC_02129	scpB
S836	-
SAOUHSC_02130	-
SAOUHSC_02131	-
S837	-
SAOUHSC_02132	nadE
SAOUHSC_02133	pncB
SAOUHSC_02134	nos
SAOUHSC_02135	pheA
SAOUHSC_02136	-
S839	-
SAOUHSC_02137	sdcS
S840	-
SAOUHSC_02138	-
S841	-
SAOUHSC_02139	pncA
SAOUHSC_02140	ppaC
SAOUHSC_02141	-
S842	-
SAOUHSC_02142	aldH
SAOUHSC_02143	-
S843	-
SAOUHSC_02144	-
SAOUHSC_02145	-
S844	-
S845	-
SAOUHSC_02146	-
SAOUHSC_02147	-
SAOUHSC_02148	-
S846	-
SAOUHSC_02149	-
SAOUHSC_02150	-
SAOUHSC_02151	pmtD
SAOUHSC_02152	pmtC
SAOUHSC_02153	pmtB
SAOUHSC_02154	pmtA
SAOUHSC_02155	pmtR
SAOUHSC_02156	-
SAOUHSC_02157	-
S847	-
SAOUHSC_02158	aspB
SAOUHSC_02160	map_2
SAOUHSC_02161	eap/map
SAOUHSC_02163	hlb-1
S848	-
S849	-
S850	-
SAOUHSC_02164	-
S851	-
SAOUHSC_02165	-
SAOUHSC_02166	-
SAOUHSC_02167	scn
S852	-
S853	-
SAOUHSC_02169	chp
SAOUHSC_02170	-
S854	-
SAOUHSC_02171	sak
S855	-
SAOUHSC_02173	ami
SAOUHSC_02174	-
SAOUHSC_02175	-
S856	-
S857	-
SAOUHSC_02176	-
SAOUHSC_02177	-
SAOUHSC_02178	-
SAOUHSC_02179	-
SAOUHSC_02180	-
SAOUHSC_02181	-
SAOUHSC_02182	-
SAOUHSC_02183	-
SAOUHSC_02184	-
SAOUHSC_02185	-
SAOUHSC_02186	-
SAOUHSC_02187	-
SAOUHSC_02188	-
SAOUHSC_02189	-
SAOUHSC_02190	-
SAOUHSC_02191	-
SAOUHSC_02193	-
SAOUHSC_02194	-
SAOUHSC_02195	-
SAOUHSC_02196	-
SAOUHSC_02197	-
SAOUHSC_02198	-
SAOUHSC_02199	-
SAOUHSC_02200	-
SAOUHSC_A02094	-
SAOUHSC_02202	-
SAOUHSC_02203	-
SAOUHSC_02204	-
SAOUHSC_02205	-
SAOUHSC_02206	-
SAOUHSC_02207	-
SAOUHSC_02208	-
SAOUHSC_02209	-
SAOUHSC_02210	-
SAOUHSC_02211	-
SAOUHSC_02212	-
SAOUHSC_02213	-
SAOUHSC_02214	-
SAOUHSC_02215	-
SAOUHSC_02216	-
SAOUHSC_02217	-
SAOUHSC_02218	-
S858	-
SAOUHSC_02219	-
SAOUHSC_02220	-
SAOUHSC_02221	-
SAOUHSC_02222	-
SAOUHSC_02223	-
SAOUHSC_02224	-
SAOUHSC_02225	-
S859	-
SAOUHSC_02226	-
SAOUHSC_02227	-
SAOUHSC_02228	-
SAOUHSC_02229	-
S861	-
SAOUHSC_02232	-
SAOUHSC_02233	-
SAOUHSC_02234	-
SAOUHSC_02235	-
S862	-
SAOUHSC_02236	-
SAOUHSC_02237	-
SAOUHSC_02238	-
SAOUHSC_02239	int3
S863	-
SAOUHSC_02240	hlb-2
SAOUHSC_02241	lukG
SAOUHSC_02243	lukH
S864	-
SAOUHSC_02244	-
SAOUHSC_02245	-
SAOUHSC_02246	fhuD1
SAOUHSC_02247	ktrB
S865	-
S866	-
SAOUHSC_02248	-
S867	-
SAOUHSC_02249	-
S868	-
SAOUHSC_02250	-
SAOUHSC_02251	-
SAOUHSC_02252	-
SAOUHSC_02254	groEL
S869	-
SAOUHSC_02255	groES
SAOUHSC_02256	mroQ
SAOUHSC_02257	sdrH
S870	-
SAOUHSC_02258	-
SAOUHSC_02259	-
S871	-
SAOUHSC_02260	hld
SAOUHSC_02261	agrB
SAOUHSC_02262	agrD
S872	-
SAOUHSC_02264	agrC
S873	-
SAOUHSC_02265	agrA
S874	-
SAOUHSC_02266	-
S875	-
S876	-
SAOUHSC_02267	fruC
SAOUHSC_02268	scrB
S877	-
SAOUHSC_02269	scrR
SAOUHSC_02270	nrgA
SAOUHSC_02271	-
SAOUHSC_02272	-
S878	-
S879	-
SAOUHSC_02273	rex
S880	-
S881	-
SAOUHSC_02274	vga
SAOUHSC_02275	-
SAOUHSC_02276	-
SAOUHSC_02277	gcp
SAOUHSC_02278	rimI
SAOUHSC_02279	tsaB
SAOUHSC_02280	tsaE
S882	-
SAOUHSC_A02169	-
S883	-
S884	-
SAOUHSC_02281	ilvD
SAOUHSC_02282	ilvB
SAOUHSC_02283	ilvH
S885	-
SAOUHSC_02284	ilvC
SAOUHSC_02285	leuA
SAOUHSC_02286	leuB
SAOUHSC_02287	leuC
SAOUHSC_02288	leuD
SAOUHSC_02289	ilvA
SAOUHSC_02290	-
SAOUHSC_R00014	rrfE
SAOUHSC_R0009	rrlE
S886	-
SAOUHSC_R0004	rrsE
SAOUHSC_T00025	trnaG
SAOUHSC_T00034	trnaL
SAOUHSC_02294	-
S887	-
S888	-
SAOUHSC_02296	-
SAOUHSC_02297	-
S889	-
SAOUHSC_02298	sigB
SAOUHSC_02299	rsbW
SAOUHSC_02300	rsbV
S890	-
SAOUHSC_02301	rsbU
S891	-
SAOUHSC_A02189	-
SAOUHSC_02303	mazF
SAOUHSC_02304	mazE
SAOUHSC_02305	alr
SAOUHSC_02306	acpS
SAOUHSC_02307	-
SAOUHSC_02308	-
SAOUHSC_02309	-
S892	-
SAOUHSC_02310	kdpC
SAOUHSC_02311	kdpB
S893	-
SAOUHSC_02312	kdpA
SAOUHSC_02313	kdpF
SAOUHSC_02314	kdpD
SAOUHSC_02315	kdpE
SAOUHSC_02316	cshA
S894	-
S895	-
S896	-
SAOUHSC_02317	murF
SAOUHSC_02318	ddl
S897	-
SAOUHSC_02319	rodA
S898	-
SAOUHSC_02320	-
SAOUHSC_02321	-
SAOUHSC_02322	-
SAOUHSC_02323	cls2
SAOUHSC_02324	-
S899	-
SAOUHSC_02325	-
SAOUHSC_02326	-
SAOUHSC_02327	yidC
SAOUHSC_02328	thiE
SAOUHSC_02329	thiM
SAOUHSC_02330	thiD
SAOUHSC_02331	tenA
S900	-
SAOUHSC_02332	-
SAOUHSC_02333	sceD
S901	-
SAOUHSC_02334	ssbB
SAOUHSC_02335	ywpF
SAOUHSC_02336	fabZ
SAOUHSC_02337	murA1
S902	-
SAOUHSC_02338	-
SAOUHSC_02339	-
SAOUHSC_02340	atpC
SAOUHSC_02341	atpD
SAOUHSC_02343	atpG
SAOUHSC_02345	atpA
SAOUHSC_02346	atpH
SAOUHSC_02347	atpF
S904	-
SAOUHSC_02349	atpE
SAOUHSC_02350	atpB
SAOUHSC_02351	atpI
SAOUHSC_02352	mnaA
SAOUHSC_02353	upp
SAOUHSC_02354	glyA
SAOUHSC_02355	-
S905	-
SAOUHSC_02356	ptpB
SAOUHSC_02357	-
SAOUHSC_02358	prmC
S906	-
SAOUHSC_02359	prfA
SAOUHSC_02360	tdk
SAOUHSC_02361	rpmE2
S907	-
SAOUHSC_02362	rho
S908	-
SAOUHSC_02363	-
SAOUHSC_02364	qsrR
S909	-
SAOUHSC_02365	murA2
S910	-
S911	-
SAOUHSC_02366	fbaA
SAOUHSC_02367	-
S912	-
SAOUHSC_02368	pyrG
S913	-
SAOUHSC_02369	rpoE
S914	-
SAOUHSC_02370	-
SAOUHSC_A02254	-
SAOUHSC_02371	coaA
S915	-
SAOUHSC_02372	-
S916	-
SAOUHSC_02373	-
SAOUHSC_02374	hmrA
S917	-
S918	-
SAOUHSC_02375	luxS
SAOUHSC_02376	-
SAOUHSC_02377	pdp
SAOUHSC_02378	-
S919	-
SAOUHSC_02379	deoC2
S920	-
S921	-
SAOUHSC_02380	deoD
SAOUHSC_02381	dps
S922	-
SAOUHSC_02382	-
S923	-
SAOUHSC_02383	-
S924	-
S925	-
SAOUHSC_02384	-
SAOUHSC_02385	manA
SAOUHSC_02386	-
S926	-
S927	-
SAOUHSC_02387	-
SAOUHSC_02388	czrA
SAOUHSC_02389	czrB
SAOUHSC_02390	-
S928	-
S929	-
S930	-
SAOUHSC_02391	-
S931	-
S932	-
S933	-
SAOUHSC_02392	-
SAOUHSC_02393	-
S934	-
SAOUHSC_02394	-
SAOUHSC_A02273	-
SAOUHSC_02396	-
S935	-
SAOUHSC_02397	-
SAOUHSC_02399	glmS
S936	-
SAOUHSC_02400	mtlA
SAOUHSC_02401	mtlR
SAOUHSC_02402	mtlF
SAOUHSC_02403	mtlD
S937	-
SAOUHSC_02404	fmtB
SAOUHSC_02405	glmM
SAOUHSC_02406	cdaR
SAOUHSC_02407	dacA
SAOUHSC_02409	rocF
SAOUHSC_02410	tnp4
SAOUHSC_02411	-
SAOUHSC_T00037	trnaK
SAOUHSC_02412	-
SAOUHSC_T00017	trnaQ
SAOUHSC_T00058	trnaY
SAOUHSC_T00061	trnaV
SAOUHSC_T00020	trnaE
SAOUHSC_T00010	trnaN
SAOUHSC_R00015	rrfF
SAOUHSC_R00010	rrlF
SAOUHSC_T00029	-
SAOUHSC_R0005	rrsF
S938	-
SAOUHSC_02416	-
SAOUHSC_02417	salA
S940	-
SAOUHSC_02418	lmrS
S941	-
SAOUHSC_02419	sepA
S942	-
SAOUHSC_02420	sdrM
S943	-
SAOUHSC_02422	-
SAOUHSC_02423	-
SAOUHSC_02424	-
SAOUHSC_02425	-
S944	-
SAOUHSC_02426	-
S945	-
SAOUHSC_02427	htsC
SAOUHSC_02428	htsB
SAOUHSC_02430	htsA
S946	-
SAOUHSC_02432	-
SAOUHSC_02433	sfnaC
SAOUHSC_02434	sfnaB
SAOUHSC_02435	sfnaA
S947	-
SAOUHSC_02436	sfnaD
S948	-
SAOUHSC_02437	-
SAOUHSC_02441	asp23
SAOUHSC_02442	-
SAOUHSC_02443	amaP
S949	-
SAOUHSC_02444	opuD2
SAOUHSC_02445	-
S950	-
SAOUHSC_02447	-
S951	-
SAOUHSC_02448	-
SAOUHSC_02449	lacG
SAOUHSC_02450	lacE
SAOUHSC_02451	lacF
SAOUHSC_02452	lacD
SAOUHSC_02453	lacC
SAOUHSC_02454	lacB
SAOUHSC_02455	lacA
SAOUHSC_02456	lacR
SAOUHSC_02457	cobB
SAOUHSC_A02331	-
S952	-
SAOUHSC_02458	-
S953	-
SAOUHSC_02459	-
S954	-
SAOUHSC_02460	-
SAOUHSC_02461	-
S955	-
SAOUHSC_02462	-
SAOUHSC_02463	hysA
SAOUHSC_02464	-
S956	-
SAOUHSC_02465	-
SAOUHSC_02466	-
S957	-
S958	-
SAOUHSC_02467	budA1
SAOUHSC_02468	budB
S959	-
SAOUHSC_02469	-
SAOUHSC_02470	-
S960	-
SAOUHSC_02471	-
S961	-
SAOUHSC_02472	-
SAOUHSC_02474	-
SAOUHSC_02475	-
SAOUHSC_02476	-
SAOUHSC_A02350	-
SAOUHSC_02477	rpsI
SAOUHSC_02478	rplM
S962	-
SAOUHSC_02480	truA
SAOUHSC_02481	ecfT
SAOUHSC_02482	cbiO2
SAOUHSC_02483	cbiO1
S963	-
S964	-
SAOUHSC_02484	rplQ
SAOUHSC_02485	rpoA
SAOUHSC_02486	rpsK
SAOUHSC_02487	rpsM
SAOUHSC_02488	rpmJ
SAOUHSC_02489	infA
S965	-
SAOUHSC_02490	adk
SAOUHSC_02491	secY
SAOUHSC_02492	rplO
SAOUHSC_02493	rpmD
SAOUHSC_02494	rpsE
SAOUHSC_02495	rplR
SAOUHSC_02496	rplF
SAOUHSC_02498	rpsH
SAOUHSC_02499	rpsN
SAOUHSC_02500	rplE
SAOUHSC_02501	rplX
SAOUHSC_02502	rplN
SAOUHSC_02503	rpsQ
SAOUHSC_02504	rpmC
SAOUHSC_02505	rplP
SAOUHSC_02506	rpsC
SAOUHSC_02507	rplV
SAOUHSC_02508	rpsS
S966	-
SAOUHSC_02509	rplB
SAOUHSC_02510	rplW
SAOUHSC_02511	rplD
SAOUHSC_02512	rplC
SAOUHSC_02512a	rpsJ
SAOUHSC_02515	-
S968	-
SAOUHSC_02516	pbuG
S969	-
SAOUHSC_02517	topB
SAOUHSC_02518	-
SAOUHSC_02519	-
SAOUHSC_02520	glcU
S970	-
SAOUHSC_02521	-
S971	-
SAOUHSC_02522	-
S972	-
SAOUHSC_02523	-
S973	-
SAOUHSC_02524	mspA
S974	-
SAOUHSC_02525	rnd2
S975	-
SAOUHSC_02527	femX
S976	-
SAOUHSC_02528	-
SAOUHSC_02529	-
S977	-
SAOUHSC_02530	-
SAOUHSC_02531	-
SAOUHSC_02532	sarV
S978	-
SAOUHSC_02533	-
SAOUHSC_02534	-
SAOUHSC_02535	-
S979	-
SAOUHSC_02536	moaA
SAOUHSC_02537	mobA
SAOUHSC_02538	moaD
SAOUHSC_02540	moaE
SAOUHSC_02541	mobB
SAOUHSC_02542	moeA
S980	-
SAOUHSC_02543	moaC
SAOUHSC_02544	moaB
SAOUHSC_02545	moeB
S981	-
SAOUHSC_02546	modC
SAOUHSC_02547	modB
SAOUHSC_02549	modA
S982	-
SAOUHSC_02550	fdhD
SAOUHSC_02551	-
SAOUHSC_02552	bioY
SAOUHSC_02553	-
SAOUHSC_02554	fhuD2
SAOUHSC_02555	ydbM
S984	-
SAOUHSC_02557	-
SAOUHSC_02558	ureA
SAOUHSC_02559	ureB
SAOUHSC_02561	ureC
SAOUHSC_02562	ureE
SAOUHSC_02563	ureF
SAOUHSC_02564	ureG
SAOUHSC_02565	ureD
S985	-
SAOUHSC_02566	sarR
S986	-
S987	-
SAOUHSC_02567	-
SAOUHSC_02568	-
SAOUHSC_02569	sarY
SAOUHSC_02570	-
S988	-
S989	-
SAOUHSC_02571	ssaA
SAOUHSC_02572	-
S990	-
SAOUHSC_02573	nhaC
S991	-
SAOUHSC_02574	-
S992	-
SAOUHSC_02575	-
S993	-
SAOUHSC_02576	-
SAOUHSC_A02445	-
SAOUHSC_02577	-
SAOUHSC_02579	-
SAOUHSC_02580	-
S994	-
SAOUHSC_A02450	-
SAOUHSC_02581	-
SAOUHSC_02582	fdhA
S995	-
S996	-
S997	-
SAOUHSC_02583	-
S998	-
SAOUHSC_02584	-
S999	-
SAOUHSC_02585	-
SAOUHSC_02586	-
SAOUHSC_02587	spdB
SAOUHSC_02588	-
S1000	-
S1001	-
SAOUHSC_02589	rpiRc
S1002	-
S1003	-
SAOUHSC_02590	-
S1004	-
SAOUHSC_02591	-
SAOUHSC_02592	-
SAOUHSC_02593	-
SAOUHSC_02594	-
SAOUHSC_02595	-
SAOUHSC_02596	-
SAOUHSC_02597	glvC
S1005	-
SAOUHSC_02599	glvR
SAOUHSC_02600	-
S1006	-
SAOUHSC_02601	-
SAOUHSC_02602	-
S1007	-
S1008	-
SAOUHSC_02603	-
SAOUHSC_02604	-
S1009	-
SAOUHSC_02605	-
SAOUHSC_02606	hutI
SAOUHSC_02607	hutU
S1010	-
SAOUHSC_02608	hutR
SAOUHSC_02609	fosB
S1011	-
SAOUHSC_02610	hutG
S1012	-
SAOUHSC_02611	lyrA
SAOUHSC_02612	rpiA
SAOUHSC_02613	-
SAOUHSC_A02483	-
S1013	-
SAOUHSC_02614	galM
SAOUHSC_02615	-
SAOUHSC_02616	-
SAOUHSC_02618	-
SAOUHSC_02619	-
SAOUHSC_02620	-
S1014	-
SAOUHSC_02621	aag
S1015	-
SAOUHSC_02622	gltS
SAOUHSC_02623	fni
SAOUHSC_02624	corA
SAOUHSC_02625	-
SAOUHSC_02626	-
SAOUHSC_02627	-
S1016	-
S1017	-
SAOUHSC_02628	-
SAOUHSC_02629	emrB
SAOUHSC_02630	-
S1018	-
SAOUHSC_02631	-
S1019	-
SAOUHSC_02632	tcaB
S1020	-
SAOUHSC_02634	-
SAOUHSC_02635	tcaA
SAOUHSC_A02503	-
S1021	-
SAOUHSC_02636	tcaR
S1022	-
SAOUHSC_02638	-
S1023	-
SAOUHSC_A02505	-
SAOUHSC_02639	-
SAOUHSC_02640	hrtA
SAOUHSC_02641	hrtB
SAOUHSC_02643	hssR
SAOUHSC_02644	hssS
SAOUHSC_02645	-
SAOUHSC_02646	-
S1024	-
SAOUHSC_02647	mqo
S1025	-
S1026	-
SAOUHSC_02648	lctP2
S1027	-
SAOUHSC_02649	-
S1028	-
SAOUHSC_02650	-
S1029	-
S1030	-
SAOUHSC_02651	paiA
S1031	-
S1032	-
SAOUHSC_02652	-
SAOUHSC_02653	-
S1033	-
SAOUHSC_02654	iruO
SAOUHSC_02655	-
SAOUHSC_02656	-
SAOUHSC_02657	-
SAOUHSC_02658	-
S1034	-
SAOUHSC_02659	-
SAOUHSC_02660	corA2
SAOUHSC_02661	scrA
S1035	-
SAOUHSC_02663	-
S1036	-
S1037	-
SAOUHSC_02664	rsp
SAOUHSC_02665	-
S1038	-
SAOUHSC_02666	-
S1039	-
SAOUHSC_02667	gltT
S1040	-
SAOUHSC_02668	-
S1041	-
SAOUHSC_02669	sarZ
S1042	-
SAOUHSC_02670	-
SAOUHSC_02671	narK
S1043	-
SAOUHSC_02672	-
SAOUHSC_02674	-
SAOUHSC_02675	nreC
S1044	-
SAOUHSC_02676	nreB
SAOUHSC_02677	nreA
SAOUHSC_02678	narI
SAOUHSC_02679	narJ
SAOUHSC_02680	narH
S1045	-
SAOUHSC_02681	narG
S1046	-
SAOUHSC_02682	nasF
SAOUHSC_02683	nasE
SAOUHSC_02684	nasD
SAOUHSC_02685	nirR
SAOUHSC_02686	-
SAOUHSC_02687	-
S1047	-
SAOUHSC_02688	-
SAOUHSC_02689	-
SAOUHSC_02690	-
SAOUHSC_02691	-
SAOUHSC_02692	-
SAOUHSC_02693	-
SAOUHSC_02694	dsbA
SAOUHSC_02695	-
S1048	-
SAOUHSC_02696	fmhA
SAOUHSC_02697	tcyC
SAOUHSC_02698	tcyB
SAOUHSC_02699	tcyA
S1049	-
SAOUHSC_02700	mdeA
SAOUHSC_02701	-
S1050	-
S1051	-
SAOUHSC_02702	-
S1052	-
SAOUHSC_02703	gpmA
S1053	-
SAOUHSC_02704	-
SAOUHSC_02705	-
SAOUHSC_02706	sbi
SAOUHSC_02707	-
S1054	-
SAOUHSC_02708	hlgA
S1055	-
SAOUHSC_02709	hlgC
SAOUHSC_02710	hlgB
S1056	-
SAOUHSC_02711	bioX
SAOUHSC_02712	bioW
SAOUHSC_02713	bioF
SAOUHSC_02714	bioB
SAOUHSC_02715	bioA
SAOUHSC_02716	bioD
SAOUHSC_A02577	-
SAOUHSC_02717	-
S1057	-
SAOUHSC_02718	-
SAOUHSC_02719	-
SAOUHSC_02720	-
SAOUHSC_02721	-
S1058	-
SAOUHSC_02722	-
S1059	-
SAOUHSC_02723	-
SAOUHSC_02724	-
SAOUHSC_02725	-
SAOUHSC_02726	-
S1060	-
SAOUHSC_02727	-
SAOUHSC_02728	-
S1061	-
SAOUHSC_02729	-
SAOUHSC_02731	-
SAOUHSC_02732	-
SAOUHSC_02733	kimA
SAOUHSC_02734	-
SAOUHSC_02736	flp
SAOUHSC_02737	-
SAOUHSC_02738	-
SAOUHSC_02739	-
S1062	-
SAOUHSC_02740	-
SAOUHSC_02741	opuCD
SAOUHSC_02742	opuCC
SAOUHSC_02743	opuCB
SAOUHSC_02744	opuCA
S1063	-
SAOUHSC_02745	-
SAOUHSC_02746	-
SAOUHSC_02747	-
SAOUHSC_02750	aimA
S1064	-
S1065	-
SAOUHSC_02751	pnbA
S1066	-
SAOUHSC_02752	-
S1067	-
S1068	-
SAOUHSC_02753	-
SAOUHSC_02754	-
SAOUHSC_02755	-
S1069	-
S1070	-
SAOUHSC_02756	-
SAOUHSC_02757	-
SAOUHSC_02758	-
SAOUHSC_02759	-
S1071	-
SAOUHSC_02760	-
S1072	-
SAOUHSC_02761	lnsB
S1073	-
SAOUHSC_02762	cntE
SAOUHSC_02763	cntF
SAOUHSC_02764	cntD
SAOUHSC_02765	cntC
SAOUHSC_02766	cntB
SAOUHSC_02767	cntA
S1074	-
SAOUHSC_02768	cntM
S1075	-
SAOUHSC_02769	cntL
SAOUHSC_02770	cntK
S1076	-
S1077	-
SAOUHSC_02771	-
S1078	-
SAOUHSC_02772	-
S1079	-
SAOUHSC_02773	-
S1080	-
SAOUHSC_02774	-
S1081	-
SAOUHSC_02775	-
SAOUHSC_02776	-
SAOUHSC_A02635	-
SAOUHSC_02777	-
S1082	-
SAOUHSC_02778	-
S1083	-
S1084	-
S1085	-
SAOUHSC_02779	-
SAOUHSC_02780	-
S1086	-
SAOUHSC_02781	-
S1087	-
SAOUHSC_02782	-
SAOUHSC_02783	-
SAOUHSC_02784	-
SAOUHSC_02785	-
SAOUHSC_02786	-
SAOUHSC_02788	-
SAOUHSC_02789	-
S1088	-
SAOUHSC_02790	-
SAOUHSC_02791	-
SAOUHSC_02793	pgcA
S1089	-
SAOUHSC_02794	-
S1090	-
SAOUHSC_02795	-
SAOUHSC_02796	-
SAOUHSC_02797	-
SAOUHSC_02798	sasG
SAOUHSC_02799	sarT
S1091	-
SAOUHSC_02800	sarU
SAOUHSC_02801	gtaB
S1092	-
SAOUHSC_02802	fnbB
SAOUHSC_02803	fnbA
SAOUHSC_02804	-
SAOUHSC_02805	-
SAOUHSC_02806	gntP
S1093	-
SAOUHSC_02808	gntK
SAOUHSC_02809	gntR
SAOUHSC_02810	-
S1094	-
SAOUHSC_02811	relP
SAOUHSC_02812	-
S1095	-
S1096	-
SAOUHSC_02813	-
S1097	-
SAOUHSC_02815	-
S1098	-
S1099	-
SAOUHSC_02816	-
SAOUHSC_02817	-
SAOUHSC_02818	-
SAOUHSC_02819	-
SAOUHSC_02820	-
SAOUHSC_02821	-
S1100	-
SAOUHSC_02822	fbp
SAOUHSC_A02680	-
S1101	-
SAOUHSC_02823	-
S1102	-
SAOUHSC_02824	mhqD
SAOUHSC_02825	mhqE
SAOUHSC_02826	mhqR
SAOUHSC_02827	-
SAOUHSC_02828	-
SAOUHSC_02829	frp
S1103	-
SAOUHSC_02830	ddh
SAOUHSC_02831	-
S1104	-
SAOUHSC_02832	-
SAOUHSC_02833	-
SAOUHSC_02834	srtA
SAOUHSC_02836	-
S1105	-
SAOUHSC_02837	-
SAOUHSC_02838	-
SAOUHSC_02839	sdaAA
SAOUHSC_02840	sdaAB
SAOUHSC_02841	-
S1106	-
S1107	-
SAOUHSC_02842	-
S1108	-
S1109	-
SAOUHSC_02843	-
SAOUHSC_02844	-
S1110	-
SAOUHSC_02845	-
SAOUHSC_02846	-
S1111	-
SAOUHSC_02848	glcB
S1112	-
SAOUHSC_02849	cidC
SAOUHSC_02850	cidB
SAOUHSC_02851	cidA
SAOUHSC_02852	cidR
S1113	-
SAOUHSC_02853	-
S1114	-
SAOUHSC_02855	-
S1115	-
SAOUHSC_02856	-
S1116	-
SAOUHSC_02857	-
S1117	-
SAOUHSC_02858	-
S1118	-
SAOUHSC_02859	mvaA
S1119	-
S1120	-
SAOUHSC_02860	mvaS
S1121	-
SAOUHSC_02861	-
S1122	-
SAOUHSC_02862	clpL
SAOUHSC_02863	-
SAOUHSC_02864	feoB
SAOUHSC_02865	feoA
SAOUHSC_02866	farE
S1123	-
S1124	-
SAOUHSC_02867	farR
SAOUHSC_02868	-
SAOUHSC_02869	rocA
S1125	-
SAOUHSC_02871	-
SAOUHSC_02872	cwrA
S1126	-
SAOUHSC_02873	copA
S1127	-
SAOUHSC_02874	copZ
SAOUHSC_02875	-
SAOUHSC_02876	-
S1128	-
S1129	-
SAOUHSC_02877	crtN
SAOUHSC_02879	crtM
SAOUHSC_02880	crtQ
SAOUHSC_02881	crtP
SAOUHSC_02882	crtO
S1130	-
SAOUHSC_02883	-
S1131	-
SAOUHSC_02885	oatA
S1132	-
SAOUHSC_02886	-
S1133	-
SAOUHSC_02887	isaA
S1134	-
S1135	-
SAOUHSC_02888	-
S1136	-
SAOUHSC_02889	-
SAOUHSC_02890	-
SAOUHSC_02891	-
SAOUHSC_02892	-
SAOUHSC_02893	-
SAOUHSC_02894	-
SAOUHSC_02895	-
SAOUHSC_02896	-
S1137	-
SAOUHSC_02897	gbaA
SAOUHSC_02898	gbaB
S1138	-
SAOUHSC_02899	-
SAOUHSC_02900	-
S1139	-
SAOUHSC_02901	-
S1140	-
SAOUHSC_02902	-
SAOUHSC_02904	-
S1141	-
S1142	-
SAOUHSC_02905	-
SAOUHSC_02906	-
SAOUHSC_02907	-
SAOUHSC_02908	-
S1143	-
SAOUHSC_02909	pyrD
S1144	-
SAOUHSC_02910	-
S1145	-
SAOUHSC_02911	-
SAOUHSC_02912	-
SAOUHSC_02913	-
SAOUHSC_02914	-
SAOUHSC_02915	-
SAOUHSC_02916	panD
SAOUHSC_02918	panC
SAOUHSC_02919	panB
S1146	-
SAOUHSC_02920	panE
SAOUHSC_02921	budA2
S1147	-
SAOUHSC_02922	ldh2
S1148	-
S1149	-
SAOUHSC_A02771	-
SAOUHSC_02923	bcaP
SAOUHSC_02924	-
S1150	-
SAOUHSC_02925	-
S1151	-
SAOUHSC_02926	fdaB
SAOUHSC_02927	lqo
S1152	-
S1153	-
SAOUHSC_02928	-
SAOUHSC_02929	mbcS
S1154	-
S1155	-
SAOUHSC_02930	-
SAOUHSC_02931	-
SAOUHSC_02932	betA
S1156	-
SAOUHSC_02933	betB
SAOUHSC_02934	-
SAOUHSC_02935	-
S1157	-
S1158	-
SAOUHSC_02936	-
SAOUHSC_02937	cudT
S1159	-
SAOUHSC_02939	-
SAOUHSC_02940	-
SAOUHSC_02941	nrdG
SAOUHSC_02942	nrdD
SAOUHSC_02943	citM
SAOUHSC_02944	-
S1160	-
SAOUHSC_02945	cysG
SAOUHSC_02947	cysJ
S1161	-
SAOUHSC_02948	-
SAOUHSC_02949	gpxA2
SAOUHSC_A02794	-
S1162	-
SAOUHSC_02950	-
SAOUHSC_A02795	-
S1163	-
SAOUHSC_02953	braE
SAOUHSC_02954	braD
SAOUHSC_02955	nsaS
SAOUHSC_02956	nsaR
SAOUHSC_02957	-
SAOUHSC_A02801	-
SAOUHSC_02958	phoB
S1164	-
SAOUHSC_02960	-
SAOUHSC_02961	-
SAOUHSC_02962	estA
SAOUHSC_02963	clfB
SAOUHSC_02964	arcR
S1165	-
SAOUHSC_02965	arcC
SAOUHSC_02967	arcD
SAOUHSC_02968	arcB
SAOUHSC_02969	arcA
SAOUHSC_A02811	-
SAOUHSC_02970	argR1
SAOUHSC_02971	aur
SAOUHSC_02972	isaB
SAOUHSC_02973	-
SAOUHSC_02974	-
SAOUHSC_02975	manP
SAOUHSC_02976	pmi
SAOUHSC_02978	-
S1166	-
S1167	-
SAOUHSC_02979	-
S1168	-
SAOUHSC_02980	-
S1169	-
SAOUHSC_02982	sasF
S1170	-
SAOUHSC_02983	gtfB
SAOUHSC_02984	gtfA
SAOUHSC_02985	secA2
SAOUHSC_02986	asp3
SAOUHSC_02987	asp2
SAOUHSC_02988	asp1
SAOUHSC_02989	secY2
SAOUHSC_02990	sasA
S1171	-
SAOUHSC_02991	-
S1172	-
SAOUHSC_02992	-
SAOUHSC_02993	-
SAOUHSC_02994	-
SAOUHSC_02995	-
SAOUHSC_02996	msrA3
SAOUHSC_02997	-
SAOUHSC_02998	cap1C
SAOUHSC_02999	cap1B
SAOUHSC_03000	cap1A
S1173	-
SAOUHSC_03001	icaR
S1174	-
SAOUHSC_03002	icaA
SAOUHSC_03003	icaD
SAOUHSC_03004	icaB
SAOUHSC_03005	icaC
S1175	-
SAOUHSC_03006	gehA
S1176	-
S1177	-
SAOUHSC_A02856	-
S1178	-
SAOUHSC_03008	hisF
SAOUHSC_03009	hisA
SAOUHSC_03010	hisH
SAOUHSC_03011	hisB
SAOUHSC_03012	-
SAOUHSC_03013	hisD
SAOUHSC_03014	hisG
SAOUHSC_03015	hisZ
S1179	-
SAOUHSC_03016	-
S1180	-
SAOUHSC_03017	-
SAOUHSC_03018	-
SAOUHSC_03019	-
SAOUHSC_03020	-
SAOUHSC_03021	-
S1181	-
S1182	-
SAOUHSC_03022	-
SAOUHSC_03023	drp35
S1183	-
SAOUHSC_03024	-
SAOUHSC_03025	pcp
S1184	-
SAOUHSC_03026	-
SAOUHSC_03027	-
SAOUHSC_03028	bstA
SAOUHSC_03030	-
SAOUHSC_03031	rarD
SAOUHSC_03032	-
SAOUHSC_03033	nixA
S1185	-
SAOUHSC_03034	-
SAOUHSC_03035	-
SAOUHSC_03036	vraD
SAOUHSC_03037	vraE
SAOUHSC_03037a	vraH
SAOUHSC_03040	-
SAOUHSC_03041	-
SAOUHSC_03042	-
SAOUHSC_3042a	vraH2
S1186	-
SAOUHSC_03045	cspB
SAOUHSC_03046	mbtS
S1187	-
SAOUHSC_03047	-
S1188	-
SAOUHSC_03048	-
SAOUHSC_03049	noc
SAOUHSC_03051	gidB
SAOUHSC_03052	gidA
SAOUHSC_03053	trmE
S1190	-
SAOUHSC_03054	rnpA
S1191	-
SAOUHSC_03055	rpmH
S1192	-

created by aureowiki on 2024 Dec 02
